id,result
2016_1103_1112,-1
2016_1103_1114,-1
2016_1103_1124,-1
2016_1103_1125,-1
2016_1103_1137,-1
2016_1103_1139,-1
2016_1103_1143,-1
2016_1103_1151,-1
2016_1103_1153,-1
2016_1103_1160,-1
2016_1103_1163,-1
2016_1103_1173,-1
2016_1103_1181,-1
2016_1103_1196,-1
2016_1103_1214,-1
2016_1103_1218,-1
2016_1103_1219,-1
2016_1103_1220,-1
2016_1103_1231,-1
2016_1103_1234,0
2016_1103_1235,-1
2016_1103_1236,-1
2016_1103_1242,-1
2016_1103_1246,-1
2016_1103_1268,-1
2016_1103_1274,-1
2016_1103_1276,-1
2016_1103_1277,-1
2016_1103_1284,-1
2016_1103_1308,-1
2016_1103_1314,-1
2016_1103_1316,-1
2016_1103_1323,-1
2016_1103_1328,-1
2016_1103_1332,-1
2016_1103_1333,-1
2016_1103_1338,-1
2016_1103_1344,-1
2016_1103_1345,-1
2016_1103_1361,-1
2016_1103_1371,-1
2016_1103_1372,-1
2016_1103_1376,-1
2016_1103_1386,-1
2016_1103_1388,-1
2016_1103_1392,-1
2016_1103_1393,-1
2016_1103_1396,-1
2016_1103_1400,-1
2016_1103_1401,-1
2016_1103_1403,-1
2016_1103_1411,-1
2016_1103_1412,-1
2016_1103_1425,-1
2016_1103_1428,-1
2016_1103_1433,-1
2016_1103_1434,-1
2016_1103_1435,-1
2016_1103_1437,-1
2016_1103_1438,-1
2016_1103_1447,-1
2016_1103_1451,-1
2016_1103_1452,-1
2016_1103_1455,-1
2016_1103_1458,-1
2016_1103_1462,-1
2016_1103_1463,-1
2016_1112_1114,-1
2016_1112_1124,-1
2016_1112_1125,-1
2016_1112_1137,-1
2016_1112_1139,-1
2016_1112_1143,-1
2016_1112_1151,-1
2016_1112_1153,-1
2016_1112_1160,-1
2016_1112_1163,-1
2016_1112_1173,-1
2016_1112_1181,-1
2016_1112_1196,1
2016_1112_1214,-1
2016_1112_1218,-1
2016_1112_1219,-1
2016_1112_1220,-1
2016_1112_1231,-1
2016_1112_1234,-1
2016_1112_1235,-1
2016_1112_1236,-1
2016_1112_1242,-1
2016_1112_1246,-1
2016_1112_1268,-1
2016_1112_1274,-1
2016_1112_1276,-1
2016_1112_1277,-1
2016_1112_1284,-1
2016_1112_1308,-1
2016_1112_1314,-1
2016_1112_1316,-1
2016_1112_1323,-1
2016_1112_1328,-1
2016_1112_1332,-1
2016_1112_1333,-1
2016_1112_1338,-1
2016_1112_1344,-1
2016_1112_1345,-1
2016_1112_1361,-1
2016_1112_1371,-1
2016_1112_1372,-1
2016_1112_1376,-1
2016_1112_1386,-1
2016_1112_1388,-1
2016_1112_1392,-1
2016_1112_1393,-1
2016_1112_1396,-1
2016_1112_1400,-1
2016_1112_1401,-1
2016_1112_1403,-1
2016_1112_1411,-1
2016_1112_1412,-1
2016_1112_1425,-1
2016_1112_1428,-1
2016_1112_1433,-1
2016_1112_1434,-1
2016_1112_1435,-1
2016_1112_1437,-1
2016_1112_1438,-1
2016_1112_1447,-1
2016_1112_1451,-1
2016_1112_1452,0
2016_1112_1455,-1
2016_1112_1458,-1
2016_1112_1462,-1
2016_1112_1463,-1
2016_1114_1124,-1
2016_1114_1125,-1
2016_1114_1137,-1
2016_1114_1139,-1
2016_1114_1143,-1
2016_1114_1151,-1
2016_1114_1153,-1
2016_1114_1160,-1
2016_1114_1163,-1
2016_1114_1173,-1
2016_1114_1181,-1
2016_1114_1196,-1
2016_1114_1214,-1
2016_1114_1218,-1
2016_1114_1219,-1
2016_1114_1220,-1
2016_1114_1231,0
2016_1114_1234,-1
2016_1114_1235,-1
2016_1114_1236,-1
2016_1114_1242,-1
2016_1114_1246,-1
2016_1114_1268,-1
2016_1114_1274,-1
2016_1114_1276,-1
2016_1114_1277,-1
2016_1114_1284,-1
2016_1114_1308,-1
2016_1114_1314,-1
2016_1114_1316,-1
2016_1114_1323,-1
2016_1114_1328,-1
2016_1114_1332,-1
2016_1114_1333,-1
2016_1114_1338,-1
2016_1114_1344,-1
2016_1114_1345,-1
2016_1114_1361,-1
2016_1114_1371,-1
2016_1114_1372,-1
2016_1114_1376,-1
2016_1114_1386,-1
2016_1114_1388,-1
2016_1114_1392,-1
2016_1114_1393,-1
2016_1114_1396,-1
2016_1114_1400,-1
2016_1114_1401,-1
2016_1114_1403,-1
2016_1114_1411,-1
2016_1114_1412,-1
2016_1114_1425,-1
2016_1114_1428,-1
2016_1114_1433,-1
2016_1114_1434,-1
2016_1114_1435,-1
2016_1114_1437,-1
2016_1114_1438,-1
2016_1114_1447,-1
2016_1114_1451,-1
2016_1114_1452,-1
2016_1114_1455,-1
2016_1114_1458,-1
2016_1114_1462,-1
2016_1114_1463,-1
2016_1124_1125,-1
2016_1124_1137,-1
2016_1124_1139,-1
2016_1124_1143,-1
2016_1124_1151,-1
2016_1124_1153,-1
2016_1124_1160,-1
2016_1124_1163,-1
2016_1124_1173,-1
2016_1124_1181,-1
2016_1124_1196,-1
2016_1124_1214,-1
2016_1124_1218,-1
2016_1124_1219,-1
2016_1124_1220,-1
2016_1124_1231,-1
2016_1124_1234,-1
2016_1124_1235,-1
2016_1124_1236,-1
2016_1124_1242,-1
2016_1124_1246,-1
2016_1124_1268,-1
2016_1124_1274,-1
2016_1124_1276,-1
2016_1124_1277,-1
2016_1124_1284,0
2016_1124_1308,-1
2016_1124_1314,-1
2016_1124_1316,-1
2016_1124_1323,-1
2016_1124_1328,-1
2016_1124_1332,-1
2016_1124_1333,-1
2016_1124_1338,-1
2016_1124_1344,-1
2016_1124_1345,-1
2016_1124_1361,-1
2016_1124_1371,-1
2016_1124_1372,-1
2016_1124_1376,-1
2016_1124_1386,-1
2016_1124_1388,-1
2016_1124_1392,-1
2016_1124_1393,-1
2016_1124_1396,-1
2016_1124_1400,-1
2016_1124_1401,-1
2016_1124_1403,-1
2016_1124_1411,-1
2016_1124_1412,-1
2016_1124_1425,-1
2016_1124_1428,-1
2016_1124_1433,-1
2016_1124_1434,-1
2016_1124_1435,-1
2016_1124_1437,-1
2016_1124_1438,-1
2016_1124_1447,-1
2016_1124_1451,-1
2016_1124_1452,-1
2016_1124_1455,-1
2016_1124_1458,-1
2016_1124_1462,-1
2016_1124_1463,-1
2016_1125_1137,-1
2016_1125_1139,-1
2016_1125_1143,-1
2016_1125_1151,-1
2016_1125_1153,-1
2016_1125_1160,-1
2016_1125_1163,-1
2016_1125_1173,-1
2016_1125_1181,-1
2016_1125_1196,-1
2016_1125_1214,-1
2016_1125_1218,-1
2016_1125_1219,-1
2016_1125_1220,-1
2016_1125_1231,-1
2016_1125_1234,-1
2016_1125_1235,-1
2016_1125_1236,-1
2016_1125_1242,-1
2016_1125_1246,-1
2016_1125_1268,-1
2016_1125_1274,-1
2016_1125_1276,-1
2016_1125_1277,-1
2016_1125_1284,-1
2016_1125_1308,-1
2016_1125_1314,-1
2016_1125_1316,-1
2016_1125_1323,-1
2016_1125_1328,-1
2016_1125_1332,0
2016_1125_1333,-1
2016_1125_1338,-1
2016_1125_1344,-1
2016_1125_1345,-1
2016_1125_1361,-1
2016_1125_1371,-1
2016_1125_1372,-1
2016_1125_1376,-1
2016_1125_1386,-1
2016_1125_1388,-1
2016_1125_1392,-1
2016_1125_1393,-1
2016_1125_1396,-1
2016_1125_1400,-1
2016_1125_1401,-1
2016_1125_1403,-1
2016_1125_1411,-1
2016_1125_1412,-1
2016_1125_1425,-1
2016_1125_1428,-1
2016_1125_1433,-1
2016_1125_1434,-1
2016_1125_1435,-1
2016_1125_1437,-1
2016_1125_1438,-1
2016_1125_1447,-1
2016_1125_1451,-1
2016_1125_1452,-1
2016_1125_1455,-1
2016_1125_1458,-1
2016_1125_1462,-1
2016_1125_1463,-1
2016_1137_1139,-1
2016_1137_1143,-1
2016_1137_1151,-1
2016_1137_1153,-1
2016_1137_1160,-1
2016_1137_1163,-1
2016_1137_1173,-1
2016_1137_1181,-1
2016_1137_1196,-1
2016_1137_1214,-1
2016_1137_1218,-1
2016_1137_1219,-1
2016_1137_1220,-1
2016_1137_1231,-1
2016_1137_1234,-1
2016_1137_1235,-1
2016_1137_1236,-1
2016_1137_1242,-1
2016_1137_1246,-1
2016_1137_1268,-1
2016_1137_1274,-1
2016_1137_1276,-1
2016_1137_1277,-1
2016_1137_1284,-1
2016_1137_1308,-1
2016_1137_1314,-1
2016_1137_1316,-1
2016_1137_1323,-1
2016_1137_1328,-1
2016_1137_1332,-1
2016_1137_1333,-1
2016_1137_1338,-1
2016_1137_1344,-1
2016_1137_1345,-1
2016_1137_1361,-1
2016_1137_1371,-1
2016_1137_1372,-1
2016_1137_1376,-1
2016_1137_1386,-1
2016_1137_1388,-1
2016_1137_1392,-1
2016_1137_1393,-1
2016_1137_1396,-1
2016_1137_1400,-1
2016_1137_1401,-1
2016_1137_1403,-1
2016_1137_1411,-1
2016_1137_1412,-1
2016_1137_1425,-1
2016_1137_1428,-1
2016_1137_1433,-1
2016_1137_1434,-1
2016_1137_1435,-1
2016_1137_1437,-1
2016_1137_1438,-1
2016_1137_1447,-1
2016_1137_1451,-1
2016_1137_1452,-1
2016_1137_1455,-1
2016_1137_1458,-1
2016_1137_1462,-1
2016_1137_1463,-1
2016_1139_1143,1
2016_1139_1151,-1
2016_1139_1153,-1
2016_1139_1160,-1
2016_1139_1163,1
2016_1139_1173,-1
2016_1139_1181,0
2016_1139_1196,-1
2016_1139_1214,-1
2016_1139_1218,-1
2016_1139_1219,-1
2016_1139_1220,-1
2016_1139_1231,-1
2016_1139_1234,-1
2016_1139_1235,-1
2016_1139_1236,-1
2016_1139_1242,-1
2016_1139_1246,1
2016_1139_1268,-1
2016_1139_1274,-1
2016_1139_1276,-1
2016_1139_1277,-1
2016_1139_1284,-1
2016_1139_1308,-1
2016_1139_1314,-1
2016_1139_1316,-1
2016_1139_1323,-1
2016_1139_1328,-1
2016_1139_1332,-1
2016_1139_1333,-1
2016_1139_1338,-1
2016_1139_1344,-1
2016_1139_1345,-1
2016_1139_1361,-1
2016_1139_1371,-1
2016_1139_1372,-1
2016_1139_1376,-1
2016_1139_1386,-1
2016_1139_1388,-1
2016_1139_1392,-1
2016_1139_1393,-1
2016_1139_1396,-1
2016_1139_1400,-1
2016_1139_1401,-1
2016_1139_1403,-1
2016_1139_1411,-1
2016_1139_1412,-1
2016_1139_1425,-1
2016_1139_1428,-1
2016_1139_1433,-1
2016_1139_1434,-1
2016_1139_1435,-1
2016_1139_1437,-1
2016_1139_1438,-1
2016_1139_1447,-1
2016_1139_1451,-1
2016_1139_1452,-1
2016_1139_1455,-1
2016_1139_1458,-1
2016_1139_1462,-1
2016_1139_1463,-1
2016_1143_1151,-1
2016_1143_1153,-1
2016_1143_1160,-1
2016_1143_1163,-1
2016_1143_1173,-1
2016_1143_1181,-1
2016_1143_1196,-1
2016_1143_1214,-1
2016_1143_1218,-1
2016_1143_1219,-1
2016_1143_1220,-1
2016_1143_1231,-1
2016_1143_1234,-1
2016_1143_1235,-1
2016_1143_1236,-1
2016_1143_1242,-1
2016_1143_1246,-1
2016_1143_1268,-1
2016_1143_1274,-1
2016_1143_1276,-1
2016_1143_1277,-1
2016_1143_1284,-1
2016_1143_1308,-1
2016_1143_1314,-1
2016_1143_1316,-1
2016_1143_1323,-1
2016_1143_1328,-1
2016_1143_1332,-1
2016_1143_1333,-1
2016_1143_1338,-1
2016_1143_1344,-1
2016_1143_1345,-1
2016_1143_1361,-1
2016_1143_1371,-1
2016_1143_1372,-1
2016_1143_1376,-1
2016_1143_1386,-1
2016_1143_1388,-1
2016_1143_1392,-1
2016_1143_1393,-1
2016_1143_1396,-1
2016_1143_1400,-1
2016_1143_1401,-1
2016_1143_1403,-1
2016_1143_1411,-1
2016_1143_1412,-1
2016_1143_1425,-1
2016_1143_1428,-1
2016_1143_1433,-1
2016_1143_1434,-1
2016_1143_1435,-1
2016_1143_1437,-1
2016_1143_1438,-1
2016_1143_1447,-1
2016_1143_1451,-1
2016_1143_1452,-1
2016_1143_1455,-1
2016_1143_1458,-1
2016_1143_1462,-1
2016_1143_1463,-1
2016_1151_1153,-1
2016_1151_1160,-1
2016_1151_1163,-1
2016_1151_1173,-1
2016_1151_1181,-1
2016_1151_1196,-1
2016_1151_1214,-1
2016_1151_1218,-1
2016_1151_1219,-1
2016_1151_1220,-1
2016_1151_1231,-1
2016_1151_1234,-1
2016_1151_1235,-1
2016_1151_1236,-1
2016_1151_1242,-1
2016_1151_1246,-1
2016_1151_1268,-1
2016_1151_1274,-1
2016_1151_1276,-1
2016_1151_1277,-1
2016_1151_1284,-1
2016_1151_1308,-1
2016_1151_1314,-1
2016_1151_1316,-1
2016_1151_1323,-1
2016_1151_1328,-1
2016_1151_1332,-1
2016_1151_1333,-1
2016_1151_1338,-1
2016_1151_1344,-1
2016_1151_1345,-1
2016_1151_1361,-1
2016_1151_1371,-1
2016_1151_1372,-1
2016_1151_1376,-1
2016_1151_1386,-1
2016_1151_1388,-1
2016_1151_1392,-1
2016_1151_1393,-1
2016_1151_1396,-1
2016_1151_1400,-1
2016_1151_1401,-1
2016_1151_1403,-1
2016_1151_1411,-1
2016_1151_1412,-1
2016_1151_1425,-1
2016_1151_1428,-1
2016_1151_1433,-1
2016_1151_1434,-1
2016_1151_1435,-1
2016_1151_1437,-1
2016_1151_1438,-1
2016_1151_1447,-1
2016_1151_1451,-1
2016_1151_1452,0
2016_1151_1455,-1
2016_1151_1458,-1
2016_1151_1462,-1
2016_1151_1463,-1
2016_1153_1160,-1
2016_1153_1163,-1
2016_1153_1173,0
2016_1153_1181,-1
2016_1153_1196,-1
2016_1153_1214,-1
2016_1153_1218,-1
2016_1153_1219,-1
2016_1153_1220,-1
2016_1153_1231,-1
2016_1153_1234,-1
2016_1153_1235,-1
2016_1153_1236,-1
2016_1153_1242,-1
2016_1153_1246,-1
2016_1153_1268,-1
2016_1153_1274,-1
2016_1153_1276,-1
2016_1153_1277,-1
2016_1153_1284,-1
2016_1153_1308,-1
2016_1153_1314,-1
2016_1153_1316,-1
2016_1153_1323,-1
2016_1153_1328,-1
2016_1153_1332,-1
2016_1153_1333,-1
2016_1153_1338,-1
2016_1153_1344,-1
2016_1153_1345,-1
2016_1153_1361,-1
2016_1153_1371,-1
2016_1153_1372,-1
2016_1153_1376,-1
2016_1153_1386,-1
2016_1153_1388,-1
2016_1153_1392,-1
2016_1153_1393,-1
2016_1153_1396,-1
2016_1153_1400,-1
2016_1153_1401,-1
2016_1153_1403,-1
2016_1153_1411,-1
2016_1153_1412,-1
2016_1153_1425,-1
2016_1153_1428,-1
2016_1153_1433,-1
2016_1153_1434,-1
2016_1153_1435,-1
2016_1153_1437,-1
2016_1153_1438,-1
2016_1153_1447,-1
2016_1153_1451,-1
2016_1153_1452,-1
2016_1153_1455,-1
2016_1153_1458,-1
2016_1153_1462,-1
2016_1153_1463,-1
2016_1160_1163,-1
2016_1160_1173,-1
2016_1160_1181,-1
2016_1160_1196,-1
2016_1160_1214,-1
2016_1160_1218,-1
2016_1160_1219,-1
2016_1160_1220,-1
2016_1160_1231,-1
2016_1160_1234,-1
2016_1160_1235,-1
2016_1160_1236,-1
2016_1160_1242,-1
2016_1160_1246,-1
2016_1160_1268,-1
2016_1160_1274,-1
2016_1160_1276,-1
2016_1160_1277,-1
2016_1160_1284,-1
2016_1160_1308,-1
2016_1160_1314,-1
2016_1160_1316,-1
2016_1160_1323,-1
2016_1160_1328,-1
2016_1160_1332,-1
2016_1160_1333,-1
2016_1160_1338,-1
2016_1160_1344,0
2016_1160_1345,-1
2016_1160_1361,-1
2016_1160_1371,-1
2016_1160_1372,-1
2016_1160_1376,-1
2016_1160_1386,-1
2016_1160_1388,-1
2016_1160_1392,-1
2016_1160_1393,-1
2016_1160_1396,-1
2016_1160_1400,-1
2016_1160_1401,-1
2016_1160_1403,-1
2016_1160_1411,-1
2016_1160_1412,-1
2016_1160_1425,-1
2016_1160_1428,-1
2016_1160_1433,-1
2016_1160_1434,-1
2016_1160_1435,-1
2016_1160_1437,-1
2016_1160_1438,-1
2016_1160_1447,-1
2016_1160_1451,-1
2016_1160_1452,-1
2016_1160_1455,-1
2016_1160_1458,-1
2016_1160_1462,-1
2016_1160_1463,-1
2016_1163_1173,-1
2016_1163_1181,-1
2016_1163_1196,-1
2016_1163_1214,-1
2016_1163_1218,-1
2016_1163_1219,-1
2016_1163_1220,-1
2016_1163_1231,-1
2016_1163_1234,-1
2016_1163_1235,-1
2016_1163_1236,-1
2016_1163_1242,-1
2016_1163_1246,-1
2016_1163_1268,-1
2016_1163_1274,-1
2016_1163_1276,-1
2016_1163_1277,1
2016_1163_1284,-1
2016_1163_1308,-1
2016_1163_1314,-1
2016_1163_1316,-1
2016_1163_1323,-1
2016_1163_1328,-1
2016_1163_1332,-1
2016_1163_1333,-1
2016_1163_1338,-1
2016_1163_1344,-1
2016_1163_1345,-1
2016_1163_1361,-1
2016_1163_1371,-1
2016_1163_1372,-1
2016_1163_1376,-1
2016_1163_1386,-1
2016_1163_1388,-1
2016_1163_1392,-1
2016_1163_1393,-1
2016_1163_1396,-1
2016_1163_1400,-1
2016_1163_1401,-1
2016_1163_1403,-1
2016_1163_1411,-1
2016_1163_1412,-1
2016_1163_1425,-1
2016_1163_1428,-1
2016_1163_1433,-1
2016_1163_1434,-1
2016_1163_1435,-1
2016_1163_1437,-1
2016_1163_1438,-1
2016_1163_1447,-1
2016_1163_1451,-1
2016_1163_1452,-1
2016_1163_1455,1
2016_1163_1458,-1
2016_1163_1462,-1
2016_1163_1463,-1
2016_1173_1181,-1
2016_1173_1196,-1
2016_1173_1214,-1
2016_1173_1218,-1
2016_1173_1219,-1
2016_1173_1220,-1
2016_1173_1231,-1
2016_1173_1234,-1
2016_1173_1235,-1
2016_1173_1236,-1
2016_1173_1242,-1
2016_1173_1246,-1
2016_1173_1268,-1
2016_1173_1274,-1
2016_1173_1276,-1
2016_1173_1277,-1
2016_1173_1284,-1
2016_1173_1308,-1
2016_1173_1314,-1
2016_1173_1316,-1
2016_1173_1323,-1
2016_1173_1328,-1
2016_1173_1332,-1
2016_1173_1333,-1
2016_1173_1338,-1
2016_1173_1344,-1
2016_1173_1345,-1
2016_1173_1361,-1
2016_1173_1371,-1
2016_1173_1372,-1
2016_1173_1376,-1
2016_1173_1386,-1
2016_1173_1388,-1
2016_1173_1392,-1
2016_1173_1393,-1
2016_1173_1396,-1
2016_1173_1400,-1
2016_1173_1401,-1
2016_1173_1403,-1
2016_1173_1411,-1
2016_1173_1412,-1
2016_1173_1425,-1
2016_1173_1428,-1
2016_1173_1433,-1
2016_1173_1434,-1
2016_1173_1435,-1
2016_1173_1437,-1
2016_1173_1438,-1
2016_1173_1447,-1
2016_1173_1451,-1
2016_1173_1452,-1
2016_1173_1455,-1
2016_1173_1458,-1
2016_1173_1462,0
2016_1173_1463,-1
2016_1181_1196,-1
2016_1181_1214,-1
2016_1181_1218,1
2016_1181_1219,-1
2016_1181_1220,-1
2016_1181_1231,-1
2016_1181_1234,-1
2016_1181_1235,-1
2016_1181_1236,-1
2016_1181_1242,-1
2016_1181_1246,-1
2016_1181_1268,-1
2016_1181_1274,-1
2016_1181_1276,-1
2016_1181_1277,-1
2016_1181_1284,-1
2016_1181_1308,-1
2016_1181_1314,1
2016_1181_1316,-1
2016_1181_1323,-1
2016_1181_1328,-1
2016_1181_1332,-1
2016_1181_1333,-1
2016_1181_1338,-1
2016_1181_1344,-1
2016_1181_1345,-1
2016_1181_1361,-1
2016_1181_1371,-1
2016_1181_1372,-1
2016_1181_1376,-1
2016_1181_1386,-1
2016_1181_1388,-1
2016_1181_1392,-1
2016_1181_1393,-1
2016_1181_1396,-1
2016_1181_1400,1
2016_1181_1401,-1
2016_1181_1403,-1
2016_1181_1411,1
2016_1181_1412,-1
2016_1181_1425,-1
2016_1181_1428,-1
2016_1181_1433,-1
2016_1181_1434,-1
2016_1181_1435,-1
2016_1181_1437,-1
2016_1181_1438,-1
2016_1181_1447,-1
2016_1181_1451,-1
2016_1181_1452,-1
2016_1181_1455,-1
2016_1181_1458,-1
2016_1181_1462,1
2016_1181_1463,-1
2016_1196_1214,-1
2016_1196_1218,-1
2016_1196_1219,-1
2016_1196_1220,-1
2016_1196_1231,-1
2016_1196_1234,-1
2016_1196_1235,-1
2016_1196_1236,-1
2016_1196_1242,-1
2016_1196_1246,-1
2016_1196_1268,-1
2016_1196_1274,-1
2016_1196_1276,-1
2016_1196_1277,-1
2016_1196_1284,-1
2016_1196_1308,-1
2016_1196_1314,-1
2016_1196_1316,-1
2016_1196_1323,-1
2016_1196_1328,-1
2016_1196_1332,-1
2016_1196_1333,-1
2016_1196_1338,-1
2016_1196_1344,-1
2016_1196_1345,-1
2016_1196_1361,-1
2016_1196_1371,-1
2016_1196_1372,-1
2016_1196_1376,-1
2016_1196_1386,-1
2016_1196_1388,-1
2016_1196_1392,-1
2016_1196_1393,-1
2016_1196_1396,-1
2016_1196_1400,-1
2016_1196_1401,-1
2016_1196_1403,-1
2016_1196_1411,-1
2016_1196_1412,-1
2016_1196_1425,-1
2016_1196_1428,-1
2016_1196_1433,-1
2016_1196_1434,-1
2016_1196_1435,-1
2016_1196_1437,-1
2016_1196_1438,-1
2016_1196_1447,-1
2016_1196_1451,-1
2016_1196_1452,-1
2016_1196_1455,-1
2016_1196_1458,-1
2016_1196_1462,-1
2016_1196_1463,-1
2016_1214_1218,-1
2016_1214_1219,-1
2016_1214_1220,-1
2016_1214_1231,-1
2016_1214_1234,-1
2016_1214_1235,-1
2016_1214_1236,-1
2016_1214_1242,-1
2016_1214_1246,-1
2016_1214_1268,-1
2016_1214_1274,-1
2016_1214_1276,-1
2016_1214_1277,-1
2016_1214_1284,-1
2016_1214_1308,-1
2016_1214_1314,-1
2016_1214_1316,-1
2016_1214_1323,-1
2016_1214_1328,-1
2016_1214_1332,-1
2016_1214_1333,-1
2016_1214_1338,-1
2016_1214_1344,-1
2016_1214_1345,-1
2016_1214_1361,-1
2016_1214_1371,-1
2016_1214_1372,-1
2016_1214_1376,-1
2016_1214_1386,-1
2016_1214_1388,-1
2016_1214_1392,-1
2016_1214_1393,-1
2016_1214_1396,-1
2016_1214_1400,-1
2016_1214_1401,-1
2016_1214_1403,-1
2016_1214_1411,-1
2016_1214_1412,-1
2016_1214_1425,-1
2016_1214_1428,-1
2016_1214_1433,-1
2016_1214_1434,-1
2016_1214_1435,-1
2016_1214_1437,0
2016_1214_1438,-1
2016_1214_1447,-1
2016_1214_1451,-1
2016_1214_1452,-1
2016_1214_1455,-1
2016_1214_1458,-1
2016_1214_1462,-1
2016_1214_1463,-1
2016_1218_1219,-1
2016_1218_1220,-1
2016_1218_1231,-1
2016_1218_1234,-1
2016_1218_1235,-1
2016_1218_1236,-1
2016_1218_1242,-1
2016_1218_1246,-1
2016_1218_1268,-1
2016_1218_1274,-1
2016_1218_1276,-1
2016_1218_1277,-1
2016_1218_1284,-1
2016_1218_1308,-1
2016_1218_1314,-1
2016_1218_1316,-1
2016_1218_1323,-1
2016_1218_1328,-1
2016_1218_1332,-1
2016_1218_1333,-1
2016_1218_1338,-1
2016_1218_1344,-1
2016_1218_1345,-1
2016_1218_1361,-1
2016_1218_1371,-1
2016_1218_1372,-1
2016_1218_1376,-1
2016_1218_1386,-1
2016_1218_1388,-1
2016_1218_1392,-1
2016_1218_1393,-1
2016_1218_1396,-1
2016_1218_1400,-1
2016_1218_1401,-1
2016_1218_1403,-1
2016_1218_1411,-1
2016_1218_1412,-1
2016_1218_1425,-1
2016_1218_1428,-1
2016_1218_1433,-1
2016_1218_1434,-1
2016_1218_1435,-1
2016_1218_1437,-1
2016_1218_1438,-1
2016_1218_1447,-1
2016_1218_1451,-1
2016_1218_1452,-1
2016_1218_1455,-1
2016_1218_1458,-1
2016_1218_1462,-1
2016_1218_1463,-1
2016_1219_1220,-1
2016_1219_1231,-1
2016_1219_1234,-1
2016_1219_1235,-1
2016_1219_1236,-1
2016_1219_1242,-1
2016_1219_1246,-1
2016_1219_1268,-1
2016_1219_1274,-1
2016_1219_1276,-1
2016_1219_1277,-1
2016_1219_1284,-1
2016_1219_1308,-1
2016_1219_1314,0
2016_1219_1316,-1
2016_1219_1323,-1
2016_1219_1328,-1
2016_1219_1332,-1
2016_1219_1333,-1
2016_1219_1338,-1
2016_1219_1344,-1
2016_1219_1345,-1
2016_1219_1361,-1
2016_1219_1371,-1
2016_1219_1372,-1
2016_1219_1376,-1
2016_1219_1386,-1
2016_1219_1388,-1
2016_1219_1392,-1
2016_1219_1393,-1
2016_1219_1396,-1
2016_1219_1400,-1
2016_1219_1401,-1
2016_1219_1403,-1
2016_1219_1411,-1
2016_1219_1412,-1
2016_1219_1425,-1
2016_1219_1428,-1
2016_1219_1433,-1
2016_1219_1434,-1
2016_1219_1435,-1
2016_1219_1437,-1
2016_1219_1438,-1
2016_1219_1447,-1
2016_1219_1451,-1
2016_1219_1452,-1
2016_1219_1455,-1
2016_1219_1458,-1
2016_1219_1462,-1
2016_1219_1463,-1
2016_1220_1231,-1
2016_1220_1234,-1
2016_1220_1235,-1
2016_1220_1236,-1
2016_1220_1242,-1
2016_1220_1246,-1
2016_1220_1268,0
2016_1220_1274,-1
2016_1220_1276,-1
2016_1220_1277,-1
2016_1220_1284,-1
2016_1220_1308,-1
2016_1220_1314,-1
2016_1220_1316,-1
2016_1220_1323,-1
2016_1220_1328,-1
2016_1220_1332,-1
2016_1220_1333,-1
2016_1220_1338,-1
2016_1220_1344,-1
2016_1220_1345,-1
2016_1220_1361,-1
2016_1220_1371,-1
2016_1220_1372,-1
2016_1220_1376,-1
2016_1220_1386,-1
2016_1220_1388,-1
2016_1220_1392,-1
2016_1220_1393,-1
2016_1220_1396,-1
2016_1220_1400,-1
2016_1220_1401,-1
2016_1220_1403,-1
2016_1220_1411,-1
2016_1220_1412,-1
2016_1220_1425,-1
2016_1220_1428,-1
2016_1220_1433,-1
2016_1220_1434,-1
2016_1220_1435,-1
2016_1220_1437,-1
2016_1220_1438,-1
2016_1220_1447,-1
2016_1220_1451,-1
2016_1220_1452,-1
2016_1220_1455,-1
2016_1220_1458,-1
2016_1220_1462,-1
2016_1220_1463,-1
2016_1231_1234,-1
2016_1231_1235,-1
2016_1231_1236,-1
2016_1231_1242,-1
2016_1231_1246,-1
2016_1231_1268,-1
2016_1231_1274,-1
2016_1231_1276,-1
2016_1231_1277,-1
2016_1231_1284,-1
2016_1231_1308,-1
2016_1231_1314,-1
2016_1231_1316,-1
2016_1231_1323,-1
2016_1231_1328,-1
2016_1231_1332,-1
2016_1231_1333,-1
2016_1231_1338,-1
2016_1231_1344,-1
2016_1231_1345,-1
2016_1231_1361,-1
2016_1231_1371,-1
2016_1231_1372,-1
2016_1231_1376,-1
2016_1231_1386,-1
2016_1231_1388,-1
2016_1231_1392,-1
2016_1231_1393,-1
2016_1231_1396,-1
2016_1231_1400,-1
2016_1231_1401,-1
2016_1231_1403,-1
2016_1231_1411,-1
2016_1231_1412,-1
2016_1231_1425,-1
2016_1231_1428,-1
2016_1231_1433,-1
2016_1231_1434,-1
2016_1231_1435,-1
2016_1231_1437,-1
2016_1231_1438,-1
2016_1231_1447,-1
2016_1231_1451,-1
2016_1231_1452,-1
2016_1231_1455,-1
2016_1231_1458,-1
2016_1231_1462,-1
2016_1231_1463,0
2016_1234_1235,-1
2016_1234_1236,-1
2016_1234_1242,-1
2016_1234_1246,-1
2016_1234_1268,-1
2016_1234_1274,-1
2016_1234_1276,-1
2016_1234_1277,-1
2016_1234_1284,-1
2016_1234_1308,-1
2016_1234_1314,0
2016_1234_1316,-1
2016_1234_1323,-1
2016_1234_1328,-1
2016_1234_1332,-1
2016_1234_1333,-1
2016_1234_1338,-1
2016_1234_1344,-1
2016_1234_1345,-1
2016_1234_1361,-1
2016_1234_1371,-1
2016_1234_1372,-1
2016_1234_1376,-1
2016_1234_1386,-1
2016_1234_1388,-1
2016_1234_1392,-1
2016_1234_1393,-1
2016_1234_1396,-1
2016_1234_1400,-1
2016_1234_1401,1
2016_1234_1403,-1
2016_1234_1411,-1
2016_1234_1412,-1
2016_1234_1425,-1
2016_1234_1428,-1
2016_1234_1433,-1
2016_1234_1434,-1
2016_1234_1435,-1
2016_1234_1437,-1
2016_1234_1438,-1
2016_1234_1447,-1
2016_1234_1451,-1
2016_1234_1452,-1
2016_1234_1455,-1
2016_1234_1458,-1
2016_1234_1462,-1
2016_1234_1463,-1
2016_1235_1236,-1
2016_1235_1242,-1
2016_1235_1246,-1
2016_1235_1268,-1
2016_1235_1274,-1
2016_1235_1276,-1
2016_1235_1277,-1
2016_1235_1284,-1
2016_1235_1308,-1
2016_1235_1314,-1
2016_1235_1316,-1
2016_1235_1323,-1
2016_1235_1328,-1
2016_1235_1332,-1
2016_1235_1333,-1
2016_1235_1338,-1
2016_1235_1344,-1
2016_1235_1345,-1
2016_1235_1361,-1
2016_1235_1371,-1
2016_1235_1372,-1
2016_1235_1376,-1
2016_1235_1386,-1
2016_1235_1388,-1
2016_1235_1392,-1
2016_1235_1393,-1
2016_1235_1396,-1
2016_1235_1400,-1
2016_1235_1401,-1
2016_1235_1403,-1
2016_1235_1411,-1
2016_1235_1412,-1
2016_1235_1425,-1
2016_1235_1428,-1
2016_1235_1433,-1
2016_1235_1434,-1
2016_1235_1435,-1
2016_1235_1437,-1
2016_1235_1438,-1
2016_1235_1447,-1
2016_1235_1451,-1
2016_1235_1452,-1
2016_1235_1455,-1
2016_1235_1458,-1
2016_1235_1462,-1
2016_1235_1463,0
2016_1236_1242,-1
2016_1236_1246,-1
2016_1236_1268,-1
2016_1236_1274,-1
2016_1236_1276,-1
2016_1236_1277,0
2016_1236_1284,-1
2016_1236_1308,-1
2016_1236_1314,-1
2016_1236_1316,-1
2016_1236_1323,-1
2016_1236_1328,-1
2016_1236_1332,-1
2016_1236_1333,-1
2016_1236_1338,-1
2016_1236_1344,-1
2016_1236_1345,-1
2016_1236_1361,-1
2016_1236_1371,-1
2016_1236_1372,-1
2016_1236_1376,-1
2016_1236_1386,-1
2016_1236_1388,-1
2016_1236_1392,-1
2016_1236_1393,-1
2016_1236_1396,-1
2016_1236_1400,-1
2016_1236_1401,-1
2016_1236_1403,-1
2016_1236_1411,-1
2016_1236_1412,-1
2016_1236_1425,-1
2016_1236_1428,-1
2016_1236_1433,-1
2016_1236_1434,-1
2016_1236_1435,-1
2016_1236_1437,-1
2016_1236_1438,-1
2016_1236_1447,-1
2016_1236_1451,-1
2016_1236_1452,-1
2016_1236_1455,-1
2016_1236_1458,-1
2016_1236_1462,-1
2016_1236_1463,-1
2016_1242_1246,-1
2016_1242_1268,-1
2016_1242_1274,-1
2016_1242_1276,-1
2016_1242_1277,-1
2016_1242_1284,-1
2016_1242_1308,-1
2016_1242_1314,-1
2016_1242_1316,-1
2016_1242_1323,-1
2016_1242_1328,-1
2016_1242_1332,-1
2016_1242_1333,-1
2016_1242_1338,-1
2016_1242_1344,-1
2016_1242_1345,-1
2016_1242_1361,-1
2016_1242_1371,-1
2016_1242_1372,-1
2016_1242_1376,-1
2016_1242_1386,-1
2016_1242_1388,-1
2016_1242_1392,-1
2016_1242_1393,-1
2016_1242_1396,-1
2016_1242_1400,-1
2016_1242_1401,-1
2016_1242_1403,-1
2016_1242_1411,0
2016_1242_1412,-1
2016_1242_1425,-1
2016_1242_1428,-1
2016_1242_1433,-1
2016_1242_1434,-1
2016_1242_1435,-1
2016_1242_1437,-1
2016_1242_1438,-1
2016_1242_1447,-1
2016_1242_1451,-1
2016_1242_1452,-1
2016_1242_1455,-1
2016_1242_1458,-1
2016_1242_1462,-1
2016_1242_1463,-1
2016_1246_1268,-1
2016_1246_1274,-1
2016_1246_1276,-1
2016_1246_1277,-1
2016_1246_1284,-1
2016_1246_1308,-1
2016_1246_1314,-1
2016_1246_1316,-1
2016_1246_1323,-1
2016_1246_1328,-1
2016_1246_1332,-1
2016_1246_1333,-1
2016_1246_1338,-1
2016_1246_1344,-1
2016_1246_1345,-1
2016_1246_1361,-1
2016_1246_1371,-1
2016_1246_1372,1
2016_1246_1376,-1
2016_1246_1386,-1
2016_1246_1388,-1
2016_1246_1392,-1
2016_1246_1393,-1
2016_1246_1396,-1
2016_1246_1400,-1
2016_1246_1401,-1
2016_1246_1403,-1
2016_1246_1411,-1
2016_1246_1412,-1
2016_1246_1425,-1
2016_1246_1428,-1
2016_1246_1433,-1
2016_1246_1434,-1
2016_1246_1435,-1
2016_1246_1437,-1
2016_1246_1438,-1
2016_1246_1447,-1
2016_1246_1451,-1
2016_1246_1452,-1
2016_1246_1455,-1
2016_1246_1458,-1
2016_1246_1462,-1
2016_1246_1463,-1
2016_1268_1274,0
2016_1268_1276,-1
2016_1268_1277,-1
2016_1268_1284,1
2016_1268_1308,-1
2016_1268_1314,-1
2016_1268_1316,-1
2016_1268_1323,-1
2016_1268_1328,-1
2016_1268_1332,-1
2016_1268_1333,-1
2016_1268_1338,-1
2016_1268_1344,-1
2016_1268_1345,-1
2016_1268_1361,-1
2016_1268_1371,-1
2016_1268_1372,-1
2016_1268_1376,-1
2016_1268_1386,-1
2016_1268_1388,-1
2016_1268_1392,-1
2016_1268_1393,-1
2016_1268_1396,-1
2016_1268_1400,-1
2016_1268_1401,-1
2016_1268_1403,-1
2016_1268_1411,-1
2016_1268_1412,-1
2016_1268_1425,-1
2016_1268_1428,-1
2016_1268_1433,-1
2016_1268_1434,-1
2016_1268_1435,-1
2016_1268_1437,-1
2016_1268_1438,-1
2016_1268_1447,-1
2016_1268_1451,-1
2016_1268_1452,-1
2016_1268_1455,-1
2016_1268_1458,-1
2016_1268_1462,-1
2016_1268_1463,-1
2016_1274_1276,-1
2016_1274_1277,-1
2016_1274_1284,-1
2016_1274_1308,-1
2016_1274_1314,-1
2016_1274_1316,-1
2016_1274_1323,-1
2016_1274_1328,-1
2016_1274_1332,-1
2016_1274_1333,-1
2016_1274_1338,-1
2016_1274_1344,-1
2016_1274_1345,-1
2016_1274_1361,-1
2016_1274_1371,-1
2016_1274_1372,-1
2016_1274_1376,-1
2016_1274_1386,-1
2016_1274_1388,-1
2016_1274_1392,-1
2016_1274_1393,-1
2016_1274_1396,-1
2016_1274_1400,-1
2016_1274_1401,-1
2016_1274_1403,-1
2016_1274_1411,-1
2016_1274_1412,-1
2016_1274_1425,-1
2016_1274_1428,-1
2016_1274_1433,1
2016_1274_1434,-1
2016_1274_1435,-1
2016_1274_1437,-1
2016_1274_1438,-1
2016_1274_1447,-1
2016_1274_1451,1
2016_1274_1452,-1
2016_1274_1455,-1
2016_1274_1458,-1
2016_1274_1462,0
2016_1274_1463,1
2016_1276_1277,-1
2016_1276_1284,-1
2016_1276_1308,-1
2016_1276_1314,-1
2016_1276_1316,-1
2016_1276_1323,-1
2016_1276_1328,-1
2016_1276_1332,-1
2016_1276_1333,-1
2016_1276_1338,-1
2016_1276_1344,-1
2016_1276_1345,-1
2016_1276_1361,-1
2016_1276_1371,-1
2016_1276_1372,-1
2016_1276_1376,-1
2016_1276_1386,-1
2016_1276_1388,-1
2016_1276_1392,-1
2016_1276_1393,-1
2016_1276_1396,-1
2016_1276_1400,-1
2016_1276_1401,-1
2016_1276_1403,-1
2016_1276_1411,-1
2016_1276_1412,-1
2016_1276_1425,-1
2016_1276_1428,-1
2016_1276_1433,-1
2016_1276_1434,-1
2016_1276_1435,-1
2016_1276_1437,-1
2016_1276_1438,-1
2016_1276_1447,-1
2016_1276_1451,-1
2016_1276_1452,-1
2016_1276_1455,-1
2016_1276_1458,-1
2016_1276_1462,-1
2016_1276_1463,-1
2016_1277_1284,-1
2016_1277_1308,-1
2016_1277_1314,-1
2016_1277_1316,-1
2016_1277_1323,-1
2016_1277_1328,-1
2016_1277_1332,-1
2016_1277_1333,-1
2016_1277_1338,-1
2016_1277_1344,-1
2016_1277_1345,-1
2016_1277_1361,-1
2016_1277_1371,-1
2016_1277_1372,-1
2016_1277_1376,-1
2016_1277_1386,-1
2016_1277_1388,-1
2016_1277_1392,-1
2016_1277_1393,-1
2016_1277_1396,-1
2016_1277_1400,-1
2016_1277_1401,-1
2016_1277_1403,-1
2016_1277_1411,-1
2016_1277_1412,-1
2016_1277_1425,-1
2016_1277_1428,-1
2016_1277_1433,-1
2016_1277_1434,-1
2016_1277_1435,-1
2016_1277_1437,-1
2016_1277_1438,-1
2016_1277_1447,-1
2016_1277_1451,-1
2016_1277_1452,-1
2016_1277_1455,-1
2016_1277_1458,-1
2016_1277_1462,-1
2016_1277_1463,-1
2016_1284_1308,-1
2016_1284_1314,-1
2016_1284_1316,-1
2016_1284_1323,-1
2016_1284_1328,-1
2016_1284_1332,-1
2016_1284_1333,-1
2016_1284_1338,-1
2016_1284_1344,-1
2016_1284_1345,-1
2016_1284_1361,-1
2016_1284_1371,-1
2016_1284_1372,-1
2016_1284_1376,-1
2016_1284_1386,-1
2016_1284_1388,-1
2016_1284_1392,-1
2016_1284_1393,-1
2016_1284_1396,-1
2016_1284_1400,-1
2016_1284_1401,-1
2016_1284_1403,-1
2016_1284_1411,-1
2016_1284_1412,-1
2016_1284_1425,-1
2016_1284_1428,-1
2016_1284_1433,-1
2016_1284_1434,-1
2016_1284_1435,-1
2016_1284_1437,-1
2016_1284_1438,-1
2016_1284_1447,-1
2016_1284_1451,-1
2016_1284_1452,-1
2016_1284_1455,-1
2016_1284_1458,-1
2016_1284_1462,-1
2016_1284_1463,-1
2016_1308_1314,-1
2016_1308_1316,-1
2016_1308_1323,-1
2016_1308_1328,1
2016_1308_1332,-1
2016_1308_1333,-1
2016_1308_1338,-1
2016_1308_1344,-1
2016_1308_1345,-1
2016_1308_1361,-1
2016_1308_1371,-1
2016_1308_1372,-1
2016_1308_1376,-1
2016_1308_1386,-1
2016_1308_1388,-1
2016_1308_1392,-1
2016_1308_1393,-1
2016_1308_1396,-1
2016_1308_1400,-1
2016_1308_1401,-1
2016_1308_1403,-1
2016_1308_1411,-1
2016_1308_1412,-1
2016_1308_1425,-1
2016_1308_1428,-1
2016_1308_1433,-1
2016_1308_1434,-1
2016_1308_1435,-1
2016_1308_1437,-1
2016_1308_1438,-1
2016_1308_1447,-1
2016_1308_1451,-1
2016_1308_1452,-1
2016_1308_1455,-1
2016_1308_1458,0
2016_1308_1462,-1
2016_1308_1463,-1
2016_1314_1316,-1
2016_1314_1323,-1
2016_1314_1328,-1
2016_1314_1332,1
2016_1314_1333,-1
2016_1314_1338,-1
2016_1314_1344,1
2016_1314_1345,-1
2016_1314_1361,-1
2016_1314_1371,-1
2016_1314_1372,-1
2016_1314_1376,-1
2016_1314_1386,-1
2016_1314_1388,-1
2016_1314_1392,-1
2016_1314_1393,-1
2016_1314_1396,-1
2016_1314_1400,-1
2016_1314_1401,-1
2016_1314_1403,-1
2016_1314_1411,-1
2016_1314_1412,-1
2016_1314_1425,-1
2016_1314_1428,-1
2016_1314_1433,-1
2016_1314_1434,-1
2016_1314_1435,-1
2016_1314_1437,-1
2016_1314_1438,-1
2016_1314_1447,-1
2016_1314_1451,-1
2016_1314_1452,-1
2016_1314_1455,-1
2016_1314_1458,-1
2016_1314_1462,-1
2016_1314_1463,-1
2016_1316_1323,-1
2016_1316_1328,-1
2016_1316_1332,-1
2016_1316_1333,-1
2016_1316_1338,-1
2016_1316_1344,-1
2016_1316_1345,-1
2016_1316_1361,-1
2016_1316_1371,-1
2016_1316_1372,-1
2016_1316_1376,-1
2016_1316_1386,-1
2016_1316_1388,-1
2016_1316_1392,-1
2016_1316_1393,-1
2016_1316_1396,-1
2016_1316_1400,-1
2016_1316_1401,-1
2016_1316_1403,-1
2016_1316_1411,-1
2016_1316_1412,-1
2016_1316_1425,-1
2016_1316_1428,-1
2016_1316_1433,-1
2016_1316_1434,-1
2016_1316_1435,-1
2016_1316_1437,-1
2016_1316_1438,0
2016_1316_1447,-1
2016_1316_1451,-1
2016_1316_1452,-1
2016_1316_1455,-1
2016_1316_1458,-1
2016_1316_1462,-1
2016_1316_1463,-1
2016_1323_1328,-1
2016_1323_1332,0
2016_1323_1333,-1
2016_1323_1338,-1
2016_1323_1344,-1
2016_1323_1345,-1
2016_1323_1361,-1
2016_1323_1371,-1
2016_1323_1372,-1
2016_1323_1376,-1
2016_1323_1386,-1
2016_1323_1388,1
2016_1323_1392,-1
2016_1323_1393,-1
2016_1323_1396,-1
2016_1323_1400,-1
2016_1323_1401,-1
2016_1323_1403,-1
2016_1323_1411,-1
2016_1323_1412,-1
2016_1323_1425,-1
2016_1323_1428,-1
2016_1323_1433,-1
2016_1323_1434,-1
2016_1323_1435,-1
2016_1323_1437,-1
2016_1323_1438,-1
2016_1323_1447,-1
2016_1323_1451,-1
2016_1323_1452,-1
2016_1323_1455,-1
2016_1323_1458,-1
2016_1323_1462,-1
2016_1323_1463,-1
2016_1328_1332,-1
2016_1328_1333,-1
2016_1328_1338,-1
2016_1328_1344,-1
2016_1328_1345,-1
2016_1328_1361,-1
2016_1328_1371,-1
2016_1328_1372,-1
2016_1328_1376,-1
2016_1328_1386,-1
2016_1328_1388,-1
2016_1328_1392,-1
2016_1328_1393,-1
2016_1328_1396,-1
2016_1328_1400,-1
2016_1328_1401,-1
2016_1328_1403,-1
2016_1328_1411,-1
2016_1328_1412,-1
2016_1328_1425,-1
2016_1328_1428,-1
2016_1328_1433,-1
2016_1328_1434,-1
2016_1328_1435,-1
2016_1328_1437,-1
2016_1328_1438,-1
2016_1328_1447,-1
2016_1328_1451,-1
2016_1328_1452,-1
2016_1328_1455,-1
2016_1328_1458,-1
2016_1328_1462,-1
2016_1328_1463,-1
2016_1332_1333,-1
2016_1332_1338,-1
2016_1332_1344,-1
2016_1332_1345,-1
2016_1332_1361,-1
2016_1332_1371,-1
2016_1332_1372,-1
2016_1332_1376,-1
2016_1332_1386,-1
2016_1332_1388,-1
2016_1332_1392,-1
2016_1332_1393,-1
2016_1332_1396,-1
2016_1332_1400,-1
2016_1332_1401,-1
2016_1332_1403,-1
2016_1332_1411,-1
2016_1332_1412,-1
2016_1332_1425,-1
2016_1332_1428,-1
2016_1332_1433,-1
2016_1332_1434,-1
2016_1332_1435,-1
2016_1332_1437,-1
2016_1332_1438,-1
2016_1332_1447,-1
2016_1332_1451,-1
2016_1332_1452,-1
2016_1332_1455,-1
2016_1332_1458,1
2016_1332_1462,-1
2016_1332_1463,-1
2016_1333_1338,-1
2016_1333_1344,-1
2016_1333_1345,-1
2016_1333_1361,-1
2016_1333_1371,-1
2016_1333_1372,-1
2016_1333_1376,-1
2016_1333_1386,-1
2016_1333_1388,-1
2016_1333_1392,-1
2016_1333_1393,-1
2016_1333_1396,-1
2016_1333_1400,-1
2016_1333_1401,-1
2016_1333_1403,-1
2016_1333_1411,-1
2016_1333_1412,-1
2016_1333_1425,-1
2016_1333_1428,-1
2016_1333_1433,-1
2016_1333_1434,-1
2016_1333_1435,-1
2016_1333_1437,-1
2016_1333_1438,-1
2016_1333_1447,-1
2016_1333_1451,-1
2016_1333_1452,-1
2016_1333_1455,-1
2016_1333_1458,-1
2016_1333_1462,-1
2016_1333_1463,-1
2016_1338_1344,-1
2016_1338_1345,-1
2016_1338_1361,-1
2016_1338_1371,-1
2016_1338_1372,-1
2016_1338_1376,-1
2016_1338_1386,1
2016_1338_1388,-1
2016_1338_1392,-1
2016_1338_1393,-1
2016_1338_1396,-1
2016_1338_1400,-1
2016_1338_1401,-1
2016_1338_1403,-1
2016_1338_1411,-1
2016_1338_1412,-1
2016_1338_1425,-1
2016_1338_1428,-1
2016_1338_1433,-1
2016_1338_1434,-1
2016_1338_1435,-1
2016_1338_1437,0
2016_1338_1438,-1
2016_1338_1447,-1
2016_1338_1451,-1
2016_1338_1452,-1
2016_1338_1455,-1
2016_1338_1458,-1
2016_1338_1462,-1
2016_1338_1463,-1
2016_1344_1345,-1
2016_1344_1361,-1
2016_1344_1371,-1
2016_1344_1372,-1
2016_1344_1376,-1
2016_1344_1386,-1
2016_1344_1388,-1
2016_1344_1392,-1
2016_1344_1393,-1
2016_1344_1396,-1
2016_1344_1400,-1
2016_1344_1401,-1
2016_1344_1403,-1
2016_1344_1411,-1
2016_1344_1412,-1
2016_1344_1425,-1
2016_1344_1428,-1
2016_1344_1433,-1
2016_1344_1434,-1
2016_1344_1435,-1
2016_1344_1437,-1
2016_1344_1438,-1
2016_1344_1447,-1
2016_1344_1451,-1
2016_1344_1452,-1
2016_1344_1455,-1
2016_1344_1458,-1
2016_1344_1462,-1
2016_1344_1463,-1
2016_1345_1361,-1
2016_1345_1371,-1
2016_1345_1372,-1
2016_1345_1376,-1
2016_1345_1386,-1
2016_1345_1388,-1
2016_1345_1392,-1
2016_1345_1393,-1
2016_1345_1396,-1
2016_1345_1400,-1
2016_1345_1401,-1
2016_1345_1403,-1
2016_1345_1411,-1
2016_1345_1412,-1
2016_1345_1425,-1
2016_1345_1428,0
2016_1345_1433,-1
2016_1345_1434,1
2016_1345_1435,-1
2016_1345_1437,-1
2016_1345_1438,-1
2016_1345_1447,-1
2016_1345_1451,-1
2016_1345_1452,-1
2016_1345_1455,-1
2016_1345_1458,-1
2016_1345_1462,-1
2016_1345_1463,-1
2016_1361_1371,-1
2016_1361_1372,-1
2016_1361_1376,-1
2016_1361_1386,-1
2016_1361_1388,-1
2016_1361_1392,-1
2016_1361_1393,-1
2016_1361_1396,-1
2016_1361_1400,0
2016_1361_1401,-1
2016_1361_1403,-1
2016_1361_1411,-1
2016_1361_1412,-1
2016_1361_1425,-1
2016_1361_1428,-1
2016_1361_1433,-1
2016_1361_1434,-1
2016_1361_1435,-1
2016_1361_1437,-1
2016_1361_1438,-1
2016_1361_1447,-1
2016_1361_1451,-1
2016_1361_1452,-1
2016_1361_1455,-1
2016_1361_1458,-1
2016_1361_1462,-1
2016_1361_1463,-1
2016_1371_1372,-1
2016_1371_1376,-1
2016_1371_1386,-1
2016_1371_1388,-1
2016_1371_1392,-1
2016_1371_1393,-1
2016_1371_1396,-1
2016_1371_1400,-1
2016_1371_1401,-1
2016_1371_1403,-1
2016_1371_1411,-1
2016_1371_1412,-1
2016_1371_1425,-1
2016_1371_1428,-1
2016_1371_1433,0
2016_1371_1434,-1
2016_1371_1435,-1
2016_1371_1437,-1
2016_1371_1438,-1
2016_1371_1447,-1
2016_1371_1451,-1
2016_1371_1452,-1
2016_1371_1455,-1
2016_1371_1458,-1
2016_1371_1462,-1
2016_1371_1463,-1
2016_1372_1376,-1
2016_1372_1386,-1
2016_1372_1388,-1
2016_1372_1392,-1
2016_1372_1393,-1
2016_1372_1396,-1
2016_1372_1400,-1
2016_1372_1401,-1
2016_1372_1403,-1
2016_1372_1411,-1
2016_1372_1412,-1
2016_1372_1425,-1
2016_1372_1428,-1
2016_1372_1433,-1
2016_1372_1434,-1
2016_1372_1435,-1
2016_1372_1437,-1
2016_1372_1438,-1
2016_1372_1447,-1
2016_1372_1451,-1
2016_1372_1452,-1
2016_1372_1455,-1
2016_1372_1458,-1
2016_1372_1462,-1
2016_1372_1463,-1
2016_1376_1386,-1
2016_1376_1388,-1
2016_1376_1392,-1
2016_1376_1393,-1
2016_1376_1396,-1
2016_1376_1400,-1
2016_1376_1401,-1
2016_1376_1403,1
2016_1376_1411,-1
2016_1376_1412,-1
2016_1376_1425,-1
2016_1376_1428,0
2016_1376_1433,-1
2016_1376_1434,-1
2016_1376_1435,-1
2016_1376_1437,-1
2016_1376_1438,1
2016_1376_1447,-1
2016_1376_1451,-1
2016_1376_1452,-1
2016_1376_1455,-1
2016_1376_1458,-1
2016_1376_1462,-1
2016_1376_1463,-1
2016_1386_1388,-1
2016_1386_1392,-1
2016_1386_1393,-1
2016_1386_1396,-1
2016_1386_1400,-1
2016_1386_1401,-1
2016_1386_1403,-1
2016_1386_1411,-1
2016_1386_1412,-1
2016_1386_1425,-1
2016_1386_1428,-1
2016_1386_1433,-1
2016_1386_1434,-1
2016_1386_1435,-1
2016_1386_1437,-1
2016_1386_1438,-1
2016_1386_1447,-1
2016_1386_1451,-1
2016_1386_1452,-1
2016_1386_1455,-1
2016_1386_1458,-1
2016_1386_1462,-1
2016_1386_1463,-1
2016_1388_1392,-1
2016_1388_1393,-1
2016_1388_1396,-1
2016_1388_1400,-1
2016_1388_1401,-1
2016_1388_1403,-1
2016_1388_1411,-1
2016_1388_1412,-1
2016_1388_1425,-1
2016_1388_1428,-1
2016_1388_1433,-1
2016_1388_1434,-1
2016_1388_1435,-1
2016_1388_1437,-1
2016_1388_1438,-1
2016_1388_1447,-1
2016_1388_1451,-1
2016_1388_1452,-1
2016_1388_1455,-1
2016_1388_1458,-1
2016_1388_1462,-1
2016_1388_1463,-1
2016_1392_1393,-1
2016_1392_1396,-1
2016_1392_1400,-1
2016_1392_1401,-1
2016_1392_1403,-1
2016_1392_1411,-1
2016_1392_1412,-1
2016_1392_1425,-1
2016_1392_1428,0
2016_1392_1433,-1
2016_1392_1434,-1
2016_1392_1435,-1
2016_1392_1437,-1
2016_1392_1438,-1
2016_1392_1447,-1
2016_1392_1451,-1
2016_1392_1452,-1
2016_1392_1455,-1
2016_1392_1458,-1
2016_1392_1462,-1
2016_1392_1463,-1
2016_1393_1396,-1
2016_1393_1400,-1
2016_1393_1401,-1
2016_1393_1403,-1
2016_1393_1411,0
2016_1393_1412,-1
2016_1393_1425,1
2016_1393_1428,-1
2016_1393_1433,-1
2016_1393_1434,-1
2016_1393_1435,-1
2016_1393_1437,-1
2016_1393_1438,-1
2016_1393_1447,-1
2016_1393_1451,-1
2016_1393_1452,-1
2016_1393_1455,-1
2016_1393_1458,-1
2016_1393_1462,-1
2016_1393_1463,-1
2016_1396_1400,-1
2016_1396_1401,0
2016_1396_1403,-1
2016_1396_1411,-1
2016_1396_1412,-1
2016_1396_1425,-1
2016_1396_1428,-1
2016_1396_1433,-1
2016_1396_1434,-1
2016_1396_1435,-1
2016_1396_1437,-1
2016_1396_1438,-1
2016_1396_1447,-1
2016_1396_1451,-1
2016_1396_1452,-1
2016_1396_1455,-1
2016_1396_1458,-1
2016_1396_1462,-1
2016_1396_1463,-1
2016_1400_1401,-1
2016_1400_1403,-1
2016_1400_1411,-1
2016_1400_1412,-1
2016_1400_1425,-1
2016_1400_1428,-1
2016_1400_1433,-1
2016_1400_1434,-1
2016_1400_1435,-1
2016_1400_1437,-1
2016_1400_1438,-1
2016_1400_1447,-1
2016_1400_1451,-1
2016_1400_1452,-1
2016_1400_1455,-1
2016_1400_1458,-1
2016_1400_1462,-1
2016_1400_1463,-1
2016_1401_1403,-1
2016_1401_1411,-1
2016_1401_1412,-1
2016_1401_1425,-1
2016_1401_1428,-1
2016_1401_1433,-1
2016_1401_1434,-1
2016_1401_1435,-1
2016_1401_1437,-1
2016_1401_1438,-1
2016_1401_1447,-1
2016_1401_1451,-1
2016_1401_1452,-1
2016_1401_1455,-1
2016_1401_1458,-1
2016_1401_1462,-1
2016_1401_1463,-1
2016_1403_1411,-1
2016_1403_1412,-1
2016_1403_1425,-1
2016_1403_1428,-1
2016_1403_1433,-1
2016_1403_1434,-1
2016_1403_1435,-1
2016_1403_1437,-1
2016_1403_1438,-1
2016_1403_1447,-1
2016_1403_1451,-1
2016_1403_1452,-1
2016_1403_1455,-1
2016_1403_1458,-1
2016_1403_1462,-1
2016_1403_1463,-1
2016_1411_1412,-1
2016_1411_1425,-1
2016_1411_1428,-1
2016_1411_1433,-1
2016_1411_1434,-1
2016_1411_1435,-1
2016_1411_1437,-1
2016_1411_1438,-1
2016_1411_1447,-1
2016_1411_1451,-1
2016_1411_1452,-1
2016_1411_1455,-1
2016_1411_1458,-1
2016_1411_1462,-1
2016_1411_1463,-1
2016_1412_1425,-1
2016_1412_1428,-1
2016_1412_1433,-1
2016_1412_1434,-1
2016_1412_1435,-1
2016_1412_1437,-1
2016_1412_1438,-1
2016_1412_1447,-1
2016_1412_1451,-1
2016_1412_1452,-1
2016_1412_1455,-1
2016_1412_1458,-1
2016_1412_1462,0
2016_1412_1463,-1
2016_1425_1428,-1
2016_1425_1433,-1
2016_1425_1434,-1
2016_1425_1435,-1
2016_1425_1437,-1
2016_1425_1438,-1
2016_1425_1447,-1
2016_1425_1451,-1
2016_1425_1452,-1
2016_1425_1455,-1
2016_1425_1458,-1
2016_1425_1462,-1
2016_1425_1463,-1
2016_1428_1433,-1
2016_1428_1434,-1
2016_1428_1435,-1
2016_1428_1437,-1
2016_1428_1438,-1
2016_1428_1447,-1
2016_1428_1451,-1
2016_1428_1452,-1
2016_1428_1455,-1
2016_1428_1458,-1
2016_1428_1462,0
2016_1428_1463,-1
2016_1433_1434,-1
2016_1433_1435,-1
2016_1433_1437,-1
2016_1433_1438,-1
2016_1433_1447,-1
2016_1433_1451,-1
2016_1433_1452,-1
2016_1433_1455,-1
2016_1433_1458,-1
2016_1433_1462,-1
2016_1433_1463,-1
2016_1434_1435,-1
2016_1434_1437,-1
2016_1434_1438,-1
2016_1434_1447,-1
2016_1434_1451,-1
2016_1434_1452,-1
2016_1434_1455,-1
2016_1434_1458,-1
2016_1434_1462,-1
2016_1434_1463,-1
2016_1435_1437,-1
2016_1435_1438,-1
2016_1435_1447,-1
2016_1435_1451,-1
2016_1435_1452,-1
2016_1435_1455,-1
2016_1435_1458,0
2016_1435_1462,-1
2016_1435_1463,-1
2016_1437_1438,-1
2016_1437_1447,-1
2016_1437_1451,-1
2016_1437_1452,-1
2016_1437_1455,-1
2016_1437_1458,-1
2016_1437_1462,-1
2016_1437_1463,0
2016_1438_1447,-1
2016_1438_1451,-1
2016_1438_1452,-1
2016_1438_1455,-1
2016_1438_1458,-1
2016_1438_1462,-1
2016_1438_1463,-1
2016_1447_1451,-1
2016_1447_1452,-1
2016_1447_1455,-1
2016_1447_1458,-1
2016_1447_1462,-1
2016_1447_1463,-1
2016_1451_1452,-1
2016_1451_1455,-1
2016_1451_1458,-1
2016_1451_1462,-1
2016_1451_1463,-1
2016_1452_1455,-1
2016_1452_1458,-1
2016_1452_1462,0
2016_1452_1463,-1
2016_1455_1458,-1
2016_1455_1462,-1
2016_1455_1463,-1
2016_1458_1462,-1
2016_1458_1463,-1
2016_1462_1463,-1
