Id,Pred
2017_1103_1112,0.2
2017_1103_1116,0.38
2017_1103_1124,0.17
2017_1103_1137,0.53
2017_1103_1139,0.2
2017_1103_1153,0.26
2017_1103_1166,0.32
2017_1103_1167,0.53
2017_1103_1173,0.35
2017_1103_1181,0.23
2017_1103_1190,0.5
2017_1103_1195,0.53
2017_1103_1196,0.23
2017_1103_1199,0.2
2017_1103_1211,0.14
2017_1103_1229,0.44
2017_1103_1233,0.56
2017_1103_1235,0.29
2017_1103_1240,0.59
2017_1103_1242,0.14
2017_1103_1246,0.17
2017_1103_1257,0.17
2017_1103_1266,0.41
2017_1103_1268,0.32
2017_1103_1274,0.35
2017_1103_1276,0.38
2017_1103_1277,0.41
2017_1103_1278,0.29
2017_1103_1291,0.59
2017_1103_1292,0.44
2017_1103_1297,0.56
2017_1103_1300,0.59
2017_1103_1303,0.56
2017_1103_1305,0.47
2017_1103_1309,0.59
2017_1103_1314,0.14
2017_1103_1315,0.59
2017_1103_1321,0.38
2017_1103_1323,0.26
2017_1103_1329,0.32
2017_1103_1332,0.17
2017_1103_1343,0.5
2017_1103_1344,0.41
2017_1103_1345,0.23
2017_1103_1371,0.41
2017_1103_1374,0.26
2017_1103_1376,0.32
2017_1103_1388,0.29
2017_1103_1393,0.44
2017_1103_1411,0.59
2017_1103_1414,0.56
2017_1103_1417,0.2
2017_1103_1423,0.47
2017_1103_1425,0.47
2017_1103_1426,0.47
2017_1103_1433,0.38
2017_1103_1435,0.44
2017_1103_1436,0.5
2017_1103_1437,0.14
2017_1103_1438,0.26
2017_1103_1439,0.35
2017_1103_1448,0.44
2017_1103_1452,0.23
2017_1103_1455,0.35
2017_1103_1457,0.53
2017_1103_1458,0.29
2017_1103_1462,0.47
2017_1112_1116,0.68
2017_1112_1124,0.47
2017_1112_1137,0.83
2017_1112_1139,0.5
2017_1112_1153,0.56
2017_1112_1166,0.62
2017_1112_1167,0.83
2017_1112_1173,0.65
2017_1112_1181,0.53
2017_1112_1190,0.8
2017_1112_1195,0.83
2017_1112_1196,0.53
2017_1112_1199,0.5
2017_1112_1211,0.44
2017_1112_1229,0.74
2017_1112_1233,0.86
2017_1112_1235,0.59
2017_1112_1240,0.89
2017_1112_1242,0.44
2017_1112_1246,0.47
2017_1112_1257,0.47
2017_1112_1266,0.71
2017_1112_1268,0.62
2017_1112_1274,0.65
2017_1112_1276,0.68
2017_1112_1277,0.71
2017_1112_1278,0.59
2017_1112_1291,0.89
2017_1112_1292,0.74
2017_1112_1297,0.86
2017_1112_1300,0.89
2017_1112_1303,0.86
2017_1112_1305,0.77
2017_1112_1309,0.89
2017_1112_1314,0.44
2017_1112_1315,0.89
2017_1112_1321,0.68
2017_1112_1323,0.56
2017_1112_1329,0.62
2017_1112_1332,0.47
2017_1112_1343,0.8
2017_1112_1344,0.71
2017_1112_1345,0.53
2017_1112_1371,0.71
2017_1112_1374,0.56
2017_1112_1376,0.62
2017_1112_1388,0.59
2017_1112_1393,0.74
2017_1112_1411,0.89
2017_1112_1414,0.86
2017_1112_1417,0.5
2017_1112_1423,0.77
2017_1112_1425,0.77
2017_1112_1426,0.77
2017_1112_1433,0.68
2017_1112_1435,0.74
2017_1112_1436,0.8
2017_1112_1437,0.44
2017_1112_1438,0.56
2017_1112_1439,0.65
2017_1112_1448,0.74
2017_1112_1452,0.53
2017_1112_1455,0.65
2017_1112_1457,0.83
2017_1112_1458,0.59
2017_1112_1462,0.77
2017_1116_1124,0.29
2017_1116_1137,0.65
2017_1116_1139,0.32
2017_1116_1153,0.38
2017_1116_1166,0.44
2017_1116_1167,0.65
2017_1116_1173,0.47
2017_1116_1181,0.35
2017_1116_1190,0.62
2017_1116_1195,0.65
2017_1116_1196,0.35
2017_1116_1199,0.32
2017_1116_1211,0.26
2017_1116_1229,0.56
2017_1116_1233,0.68
2017_1116_1235,0.41
2017_1116_1240,0.71
2017_1116_1242,0.26
2017_1116_1246,0.29
2017_1116_1257,0.29
2017_1116_1266,0.53
2017_1116_1268,0.44
2017_1116_1274,0.47
2017_1116_1276,0.5
2017_1116_1277,0.53
2017_1116_1278,0.41
2017_1116_1291,0.71
2017_1116_1292,0.56
2017_1116_1297,0.68
2017_1116_1300,0.71
2017_1116_1303,0.68
2017_1116_1305,0.59
2017_1116_1309,0.71
2017_1116_1314,0.26
2017_1116_1315,0.71
2017_1116_1321,0.5
2017_1116_1323,0.38
2017_1116_1329,0.44
2017_1116_1332,0.29
2017_1116_1343,0.62
2017_1116_1344,0.53
2017_1116_1345,0.35
2017_1116_1371,0.53
2017_1116_1374,0.38
2017_1116_1376,0.44
2017_1116_1388,0.41
2017_1116_1393,0.56
2017_1116_1411,0.71
2017_1116_1414,0.68
2017_1116_1417,0.32
2017_1116_1423,0.59
2017_1116_1425,0.59
2017_1116_1426,0.59
2017_1116_1433,0.5
2017_1116_1435,0.56
2017_1116_1436,0.62
2017_1116_1437,0.26
2017_1116_1438,0.38
2017_1116_1439,0.47
2017_1116_1448,0.56
2017_1116_1452,0.35
2017_1116_1455,0.47
2017_1116_1457,0.65
2017_1116_1458,0.41
2017_1116_1462,0.59
2017_1124_1137,0.86
2017_1124_1139,0.53
2017_1124_1153,0.59
2017_1124_1166,0.65
2017_1124_1167,0.86
2017_1124_1173,0.68
2017_1124_1181,0.56
2017_1124_1190,0.83
2017_1124_1195,0.86
2017_1124_1196,0.56
2017_1124_1199,0.53
2017_1124_1211,0.47
2017_1124_1229,0.77
2017_1124_1233,0.89
2017_1124_1235,0.62
2017_1124_1240,0.92
2017_1124_1242,0.47
2017_1124_1246,0.5
2017_1124_1257,0.5
2017_1124_1266,0.74
2017_1124_1268,0.65
2017_1124_1274,0.68
2017_1124_1276,0.71
2017_1124_1277,0.74
2017_1124_1278,0.62
2017_1124_1291,0.92
2017_1124_1292,0.77
2017_1124_1297,0.89
2017_1124_1300,0.92
2017_1124_1303,0.89
2017_1124_1305,0.8
2017_1124_1309,0.92
2017_1124_1314,0.47
2017_1124_1315,0.92
2017_1124_1321,0.71
2017_1124_1323,0.59
2017_1124_1329,0.65
2017_1124_1332,0.5
2017_1124_1343,0.83
2017_1124_1344,0.74
2017_1124_1345,0.56
2017_1124_1371,0.74
2017_1124_1374,0.59
2017_1124_1376,0.65
2017_1124_1388,0.62
2017_1124_1393,0.77
2017_1124_1411,0.92
2017_1124_1414,0.89
2017_1124_1417,0.53
2017_1124_1423,0.8
2017_1124_1425,0.8
2017_1124_1426,0.8
2017_1124_1433,0.71
2017_1124_1435,0.77
2017_1124_1436,0.83
2017_1124_1437,0.47
2017_1124_1438,0.59
2017_1124_1439,0.68
2017_1124_1448,0.77
2017_1124_1452,0.56
2017_1124_1455,0.68
2017_1124_1457,0.86
2017_1124_1458,0.62
2017_1124_1462,0.8
2017_1137_1139,0.17
2017_1137_1153,0.23
2017_1137_1166,0.29
2017_1137_1167,0.5
2017_1137_1173,0.32
2017_1137_1181,0.2
2017_1137_1190,0.47
2017_1137_1195,0.5
2017_1137_1196,0.2
2017_1137_1199,0.17
2017_1137_1211,0.11
2017_1137_1229,0.41
2017_1137_1233,0.53
2017_1137_1235,0.26
2017_1137_1240,0.56
2017_1137_1242,0.11
2017_1137_1246,0.14
2017_1137_1257,0.14
2017_1137_1266,0.38
2017_1137_1268,0.29
2017_1137_1274,0.32
2017_1137_1276,0.35
2017_1137_1277,0.38
2017_1137_1278,0.26
2017_1137_1291,0.56
2017_1137_1292,0.41
2017_1137_1297,0.53
2017_1137_1300,0.56
2017_1137_1303,0.53
2017_1137_1305,0.44
2017_1137_1309,0.56
2017_1137_1314,0.11
2017_1137_1315,0.56
2017_1137_1321,0.35
2017_1137_1323,0.23
2017_1137_1329,0.29
2017_1137_1332,0.14
2017_1137_1343,0.47
2017_1137_1344,0.38
2017_1137_1345,0.2
2017_1137_1371,0.38
2017_1137_1374,0.23
2017_1137_1376,0.29
2017_1137_1388,0.26
2017_1137_1393,0.41
2017_1137_1411,0.56
2017_1137_1414,0.53
2017_1137_1417,0.17
2017_1137_1423,0.44
2017_1137_1425,0.44
2017_1137_1426,0.44
2017_1137_1433,0.35
2017_1137_1435,0.41
2017_1137_1436,0.47
2017_1137_1437,0.11
2017_1137_1438,0.23
2017_1137_1439,0.32
2017_1137_1448,0.41
2017_1137_1452,0.2
2017_1137_1455,0.32
2017_1137_1457,0.5
2017_1137_1458,0.26
2017_1137_1462,0.44
2017_1139_1153,0.56
2017_1139_1166,0.62
2017_1139_1167,0.83
2017_1139_1173,0.65
2017_1139_1181,0.53
2017_1139_1190,0.8
2017_1139_1195,0.83
2017_1139_1196,0.53
2017_1139_1199,0.5
2017_1139_1211,0.44
2017_1139_1229,0.74
2017_1139_1233,0.86
2017_1139_1235,0.59
2017_1139_1240,0.89
2017_1139_1242,0.44
2017_1139_1246,0.47
2017_1139_1257,0.47
2017_1139_1266,0.71
2017_1139_1268,0.62
2017_1139_1274,0.65
2017_1139_1276,0.68
2017_1139_1277,0.71
2017_1139_1278,0.59
2017_1139_1291,0.89
2017_1139_1292,0.74
2017_1139_1297,0.86
2017_1139_1300,0.89
2017_1139_1303,0.86
2017_1139_1305,0.77
2017_1139_1309,0.89
2017_1139_1314,0.44
2017_1139_1315,0.89
2017_1139_1321,0.68
2017_1139_1323,0.56
2017_1139_1329,0.62
2017_1139_1332,0.47
2017_1139_1343,0.8
2017_1139_1344,0.71
2017_1139_1345,0.53
2017_1139_1371,0.71
2017_1139_1374,0.56
2017_1139_1376,0.62
2017_1139_1388,0.59
2017_1139_1393,0.74
2017_1139_1411,0.89
2017_1139_1414,0.86
2017_1139_1417,0.5
2017_1139_1423,0.77
2017_1139_1425,0.77
2017_1139_1426,0.77
2017_1139_1433,0.68
2017_1139_1435,0.74
2017_1139_1436,0.8
2017_1139_1437,0.44
2017_1139_1438,0.56
2017_1139_1439,0.65
2017_1139_1448,0.74
2017_1139_1452,0.53
2017_1139_1455,0.65
2017_1139_1457,0.83
2017_1139_1458,0.59
2017_1139_1462,0.77
2017_1153_1166,0.56
2017_1153_1167,0.77
2017_1153_1173,0.59
2017_1153_1181,0.47
2017_1153_1190,0.74
2017_1153_1195,0.77
2017_1153_1196,0.47
2017_1153_1199,0.44
2017_1153_1211,0.38
2017_1153_1229,0.68
2017_1153_1233,0.8
2017_1153_1235,0.53
2017_1153_1240,0.83
2017_1153_1242,0.38
2017_1153_1246,0.41
2017_1153_1257,0.41
2017_1153_1266,0.65
2017_1153_1268,0.56
2017_1153_1274,0.59
2017_1153_1276,0.62
2017_1153_1277,0.65
2017_1153_1278,0.53
2017_1153_1291,0.83
2017_1153_1292,0.68
2017_1153_1297,0.8
2017_1153_1300,0.83
2017_1153_1303,0.8
2017_1153_1305,0.71
2017_1153_1309,0.83
2017_1153_1314,0.38
2017_1153_1315,0.83
2017_1153_1321,0.62
2017_1153_1323,0.5
2017_1153_1329,0.56
2017_1153_1332,0.41
2017_1153_1343,0.74
2017_1153_1344,0.65
2017_1153_1345,0.47
2017_1153_1371,0.65
2017_1153_1374,0.5
2017_1153_1376,0.56
2017_1153_1388,0.53
2017_1153_1393,0.68
2017_1153_1411,0.83
2017_1153_1414,0.8
2017_1153_1417,0.44
2017_1153_1423,0.71
2017_1153_1425,0.71
2017_1153_1426,0.71
2017_1153_1433,0.62
2017_1153_1435,0.68
2017_1153_1436,0.74
2017_1153_1437,0.38
2017_1153_1438,0.5
2017_1153_1439,0.59
2017_1153_1448,0.68
2017_1153_1452,0.47
2017_1153_1455,0.59
2017_1153_1457,0.77
2017_1153_1458,0.53
2017_1153_1462,0.71
2017_1166_1167,0.71
2017_1166_1173,0.53
2017_1166_1181,0.41
2017_1166_1190,0.68
2017_1166_1195,0.71
2017_1166_1196,0.41
2017_1166_1199,0.38
2017_1166_1211,0.32
2017_1166_1229,0.62
2017_1166_1233,0.74
2017_1166_1235,0.47
2017_1166_1240,0.77
2017_1166_1242,0.32
2017_1166_1246,0.35
2017_1166_1257,0.35
2017_1166_1266,0.59
2017_1166_1268,0.5
2017_1166_1274,0.53
2017_1166_1276,0.56
2017_1166_1277,0.59
2017_1166_1278,0.47
2017_1166_1291,0.77
2017_1166_1292,0.62
2017_1166_1297,0.74
2017_1166_1300,0.77
2017_1166_1303,0.74
2017_1166_1305,0.65
2017_1166_1309,0.77
2017_1166_1314,0.32
2017_1166_1315,0.77
2017_1166_1321,0.56
2017_1166_1323,0.44
2017_1166_1329,0.5
2017_1166_1332,0.35
2017_1166_1343,0.68
2017_1166_1344,0.59
2017_1166_1345,0.41
2017_1166_1371,0.59
2017_1166_1374,0.44
2017_1166_1376,0.5
2017_1166_1388,0.47
2017_1166_1393,0.62
2017_1166_1411,0.77
2017_1166_1414,0.74
2017_1166_1417,0.38
2017_1166_1423,0.65
2017_1166_1425,0.65
2017_1166_1426,0.65
2017_1166_1433,0.56
2017_1166_1435,0.62
2017_1166_1436,0.68
2017_1166_1437,0.32
2017_1166_1438,0.44
2017_1166_1439,0.53
2017_1166_1448,0.62
2017_1166_1452,0.41
2017_1166_1455,0.53
2017_1166_1457,0.71
2017_1166_1458,0.47
2017_1166_1462,0.65
2017_1167_1173,0.32
2017_1167_1181,0.2
2017_1167_1190,0.47
2017_1167_1195,0.5
2017_1167_1196,0.2
2017_1167_1199,0.17
2017_1167_1211,0.11
2017_1167_1229,0.41
2017_1167_1233,0.53
2017_1167_1235,0.26
2017_1167_1240,0.56
2017_1167_1242,0.11
2017_1167_1246,0.14
2017_1167_1257,0.14
2017_1167_1266,0.38
2017_1167_1268,0.29
2017_1167_1274,0.32
2017_1167_1276,0.35
2017_1167_1277,0.38
2017_1167_1278,0.26
2017_1167_1291,0.56
2017_1167_1292,0.41
2017_1167_1297,0.53
2017_1167_1300,0.56
2017_1167_1303,0.53
2017_1167_1305,0.44
2017_1167_1309,0.56
2017_1167_1314,0.11
2017_1167_1315,0.56
2017_1167_1321,0.35
2017_1167_1323,0.23
2017_1167_1329,0.29
2017_1167_1332,0.14
2017_1167_1343,0.47
2017_1167_1344,0.38
2017_1167_1345,0.2
2017_1167_1371,0.38
2017_1167_1374,0.23
2017_1167_1376,0.29
2017_1167_1388,0.26
2017_1167_1393,0.41
2017_1167_1411,0.56
2017_1167_1414,0.53
2017_1167_1417,0.17
2017_1167_1423,0.44
2017_1167_1425,0.44
2017_1167_1426,0.44
2017_1167_1433,0.35
2017_1167_1435,0.41
2017_1167_1436,0.47
2017_1167_1437,0.11
2017_1167_1438,0.23
2017_1167_1439,0.32
2017_1167_1448,0.41
2017_1167_1452,0.2
2017_1167_1455,0.32
2017_1167_1457,0.5
2017_1167_1458,0.26
2017_1167_1462,0.44
2017_1173_1181,0.38
2017_1173_1190,0.65
2017_1173_1195,0.68
2017_1173_1196,0.38
2017_1173_1199,0.35
2017_1173_1211,0.29
2017_1173_1229,0.59
2017_1173_1233,0.71
2017_1173_1235,0.44
2017_1173_1240,0.74
2017_1173_1242,0.29
2017_1173_1246,0.32
2017_1173_1257,0.32
2017_1173_1266,0.56
2017_1173_1268,0.47
2017_1173_1274,0.5
2017_1173_1276,0.53
2017_1173_1277,0.56
2017_1173_1278,0.44
2017_1173_1291,0.74
2017_1173_1292,0.59
2017_1173_1297,0.71
2017_1173_1300,0.74
2017_1173_1303,0.71
2017_1173_1305,0.62
2017_1173_1309,0.74
2017_1173_1314,0.29
2017_1173_1315,0.74
2017_1173_1321,0.53
2017_1173_1323,0.41
2017_1173_1329,0.47
2017_1173_1332,0.32
2017_1173_1343,0.65
2017_1173_1344,0.56
2017_1173_1345,0.38
2017_1173_1371,0.56
2017_1173_1374,0.41
2017_1173_1376,0.47
2017_1173_1388,0.44
2017_1173_1393,0.59
2017_1173_1411,0.74
2017_1173_1414,0.71
2017_1173_1417,0.35
2017_1173_1423,0.62
2017_1173_1425,0.62
2017_1173_1426,0.62
2017_1173_1433,0.53
2017_1173_1435,0.59
2017_1173_1436,0.65
2017_1173_1437,0.29
2017_1173_1438,0.41
2017_1173_1439,0.5
2017_1173_1448,0.59
2017_1173_1452,0.38
2017_1173_1455,0.5
2017_1173_1457,0.68
2017_1173_1458,0.44
2017_1173_1462,0.62
2017_1181_1190,0.77
2017_1181_1195,0.8
2017_1181_1196,0.5
2017_1181_1199,0.47
2017_1181_1211,0.41
2017_1181_1229,0.71
2017_1181_1233,0.83
2017_1181_1235,0.56
2017_1181_1240,0.86
2017_1181_1242,0.41
2017_1181_1246,0.44
2017_1181_1257,0.44
2017_1181_1266,0.68
2017_1181_1268,0.59
2017_1181_1274,0.62
2017_1181_1276,0.65
2017_1181_1277,0.68
2017_1181_1278,0.56
2017_1181_1291,0.86
2017_1181_1292,0.71
2017_1181_1297,0.83
2017_1181_1300,0.86
2017_1181_1303,0.83
2017_1181_1305,0.74
2017_1181_1309,0.86
2017_1181_1314,0.41
2017_1181_1315,0.86
2017_1181_1321,0.65
2017_1181_1323,0.53
2017_1181_1329,0.59
2017_1181_1332,0.44
2017_1181_1343,0.77
2017_1181_1344,0.68
2017_1181_1345,0.5
2017_1181_1371,0.68
2017_1181_1374,0.53
2017_1181_1376,0.59
2017_1181_1388,0.56
2017_1181_1393,0.71
2017_1181_1411,0.86
2017_1181_1414,0.83
2017_1181_1417,0.47
2017_1181_1423,0.74
2017_1181_1425,0.74
2017_1181_1426,0.74
2017_1181_1433,0.65
2017_1181_1435,0.71
2017_1181_1436,0.77
2017_1181_1437,0.41
2017_1181_1438,0.53
2017_1181_1439,0.62
2017_1181_1448,0.71
2017_1181_1452,0.5
2017_1181_1455,0.62
2017_1181_1457,0.8
2017_1181_1458,0.56
2017_1181_1462,0.74
2017_1190_1195,0.53
2017_1190_1196,0.23
2017_1190_1199,0.2
2017_1190_1211,0.14
2017_1190_1229,0.44
2017_1190_1233,0.56
2017_1190_1235,0.29
2017_1190_1240,0.59
2017_1190_1242,0.14
2017_1190_1246,0.17
2017_1190_1257,0.17
2017_1190_1266,0.41
2017_1190_1268,0.32
2017_1190_1274,0.35
2017_1190_1276,0.38
2017_1190_1277,0.41
2017_1190_1278,0.29
2017_1190_1291,0.59
2017_1190_1292,0.44
2017_1190_1297,0.56
2017_1190_1300,0.59
2017_1190_1303,0.56
2017_1190_1305,0.47
2017_1190_1309,0.59
2017_1190_1314,0.14
2017_1190_1315,0.59
2017_1190_1321,0.38
2017_1190_1323,0.26
2017_1190_1329,0.32
2017_1190_1332,0.17
2017_1190_1343,0.5
2017_1190_1344,0.41
2017_1190_1345,0.23
2017_1190_1371,0.41
2017_1190_1374,0.26
2017_1190_1376,0.32
2017_1190_1388,0.29
2017_1190_1393,0.44
2017_1190_1411,0.59
2017_1190_1414,0.56
2017_1190_1417,0.2
2017_1190_1423,0.47
2017_1190_1425,0.47
2017_1190_1426,0.47
2017_1190_1433,0.38
2017_1190_1435,0.44
2017_1190_1436,0.5
2017_1190_1437,0.14
2017_1190_1438,0.26
2017_1190_1439,0.35
2017_1190_1448,0.44
2017_1190_1452,0.23
2017_1190_1455,0.35
2017_1190_1457,0.53
2017_1190_1458,0.29
2017_1190_1462,0.47
2017_1195_1196,0.2
2017_1195_1199,0.17
2017_1195_1211,0.11
2017_1195_1229,0.41
2017_1195_1233,0.53
2017_1195_1235,0.26
2017_1195_1240,0.56
2017_1195_1242,0.11
2017_1195_1246,0.14
2017_1195_1257,0.14
2017_1195_1266,0.38
2017_1195_1268,0.29
2017_1195_1274,0.32
2017_1195_1276,0.35
2017_1195_1277,0.38
2017_1195_1278,0.26
2017_1195_1291,0.56
2017_1195_1292,0.41
2017_1195_1297,0.53
2017_1195_1300,0.56
2017_1195_1303,0.53
2017_1195_1305,0.44
2017_1195_1309,0.56
2017_1195_1314,0.11
2017_1195_1315,0.56
2017_1195_1321,0.35
2017_1195_1323,0.23
2017_1195_1329,0.29
2017_1195_1332,0.14
2017_1195_1343,0.47
2017_1195_1344,0.38
2017_1195_1345,0.2
2017_1195_1371,0.38
2017_1195_1374,0.23
2017_1195_1376,0.29
2017_1195_1388,0.26
2017_1195_1393,0.41
2017_1195_1411,0.56
2017_1195_1414,0.53
2017_1195_1417,0.17
2017_1195_1423,0.44
2017_1195_1425,0.44
2017_1195_1426,0.44
2017_1195_1433,0.35
2017_1195_1435,0.41
2017_1195_1436,0.47
2017_1195_1437,0.11
2017_1195_1438,0.23
2017_1195_1439,0.32
2017_1195_1448,0.41
2017_1195_1452,0.2
2017_1195_1455,0.32
2017_1195_1457,0.5
2017_1195_1458,0.26
2017_1195_1462,0.44
2017_1196_1199,0.47
2017_1196_1211,0.41
2017_1196_1229,0.71
2017_1196_1233,0.83
2017_1196_1235,0.56
2017_1196_1240,0.86
2017_1196_1242,0.41
2017_1196_1246,0.44
2017_1196_1257,0.44
2017_1196_1266,0.68
2017_1196_1268,0.59
2017_1196_1274,0.62
2017_1196_1276,0.65
2017_1196_1277,0.68
2017_1196_1278,0.56
2017_1196_1291,0.86
2017_1196_1292,0.71
2017_1196_1297,0.83
2017_1196_1300,0.86
2017_1196_1303,0.83
2017_1196_1305,0.74
2017_1196_1309,0.86
2017_1196_1314,0.41
2017_1196_1315,0.86
2017_1196_1321,0.65
2017_1196_1323,0.53
2017_1196_1329,0.59
2017_1196_1332,0.44
2017_1196_1343,0.77
2017_1196_1344,0.68
2017_1196_1345,0.5
2017_1196_1371,0.68
2017_1196_1374,0.53
2017_1196_1376,0.59
2017_1196_1388,0.56
2017_1196_1393,0.71
2017_1196_1411,0.86
2017_1196_1414,0.83
2017_1196_1417,0.47
2017_1196_1423,0.74
2017_1196_1425,0.74
2017_1196_1426,0.74
2017_1196_1433,0.65
2017_1196_1435,0.71
2017_1196_1436,0.77
2017_1196_1437,0.41
2017_1196_1438,0.53
2017_1196_1439,0.62
2017_1196_1448,0.71
2017_1196_1452,0.5
2017_1196_1455,0.62
2017_1196_1457,0.8
2017_1196_1458,0.56
2017_1196_1462,0.74
2017_1199_1211,0.44
2017_1199_1229,0.74
2017_1199_1233,0.86
2017_1199_1235,0.59
2017_1199_1240,0.89
2017_1199_1242,0.44
2017_1199_1246,0.47
2017_1199_1257,0.47
2017_1199_1266,0.71
2017_1199_1268,0.62
2017_1199_1274,0.65
2017_1199_1276,0.68
2017_1199_1277,0.71
2017_1199_1278,0.59
2017_1199_1291,0.89
2017_1199_1292,0.74
2017_1199_1297,0.86
2017_1199_1300,0.89
2017_1199_1303,0.86
2017_1199_1305,0.77
2017_1199_1309,0.89
2017_1199_1314,0.44
2017_1199_1315,0.89
2017_1199_1321,0.68
2017_1199_1323,0.56
2017_1199_1329,0.62
2017_1199_1332,0.47
2017_1199_1343,0.8
2017_1199_1344,0.71
2017_1199_1345,0.53
2017_1199_1371,0.71
2017_1199_1374,0.56
2017_1199_1376,0.62
2017_1199_1388,0.59
2017_1199_1393,0.74
2017_1199_1411,0.89
2017_1199_1414,0.86
2017_1199_1417,0.5
2017_1199_1423,0.77
2017_1199_1425,0.77
2017_1199_1426,0.77
2017_1199_1433,0.68
2017_1199_1435,0.74
2017_1199_1436,0.8
2017_1199_1437,0.44
2017_1199_1438,0.56
2017_1199_1439,0.65
2017_1199_1448,0.74
2017_1199_1452,0.53
2017_1199_1455,0.65
2017_1199_1457,0.83
2017_1199_1458,0.59
2017_1199_1462,0.77
2017_1211_1229,0.8
2017_1211_1233,0.92
2017_1211_1235,0.65
2017_1211_1240,0.95
2017_1211_1242,0.5
2017_1211_1246,0.53
2017_1211_1257,0.53
2017_1211_1266,0.77
2017_1211_1268,0.68
2017_1211_1274,0.71
2017_1211_1276,0.74
2017_1211_1277,0.77
2017_1211_1278,0.65
2017_1211_1291,0.95
2017_1211_1292,0.8
2017_1211_1297,0.92
2017_1211_1300,0.95
2017_1211_1303,0.92
2017_1211_1305,0.83
2017_1211_1309,0.95
2017_1211_1314,0.5
2017_1211_1315,0.95
2017_1211_1321,0.74
2017_1211_1323,0.62
2017_1211_1329,0.68
2017_1211_1332,0.53
2017_1211_1343,0.86
2017_1211_1344,0.77
2017_1211_1345,0.59
2017_1211_1371,0.77
2017_1211_1374,0.62
2017_1211_1376,0.68
2017_1211_1388,0.65
2017_1211_1393,0.8
2017_1211_1411,0.95
2017_1211_1414,0.92
2017_1211_1417,0.56
2017_1211_1423,0.83
2017_1211_1425,0.83
2017_1211_1426,0.83
2017_1211_1433,0.74
2017_1211_1435,0.8
2017_1211_1436,0.86
2017_1211_1437,0.5
2017_1211_1438,0.62
2017_1211_1439,0.71
2017_1211_1448,0.8
2017_1211_1452,0.59
2017_1211_1455,0.71
2017_1211_1457,0.89
2017_1211_1458,0.65
2017_1211_1462,0.83
2017_1229_1233,0.62
2017_1229_1235,0.35
2017_1229_1240,0.65
2017_1229_1242,0.2
2017_1229_1246,0.23
2017_1229_1257,0.23
2017_1229_1266,0.47
2017_1229_1268,0.38
2017_1229_1274,0.41
2017_1229_1276,0.44
2017_1229_1277,0.47
2017_1229_1278,0.35
2017_1229_1291,0.65
2017_1229_1292,0.5
2017_1229_1297,0.62
2017_1229_1300,0.65
2017_1229_1303,0.62
2017_1229_1305,0.53
2017_1229_1309,0.65
2017_1229_1314,0.2
2017_1229_1315,0.65
2017_1229_1321,0.44
2017_1229_1323,0.32
2017_1229_1329,0.38
2017_1229_1332,0.23
2017_1229_1343,0.56
2017_1229_1344,0.47
2017_1229_1345,0.29
2017_1229_1371,0.47
2017_1229_1374,0.32
2017_1229_1376,0.38
2017_1229_1388,0.35
2017_1229_1393,0.5
2017_1229_1411,0.65
2017_1229_1414,0.62
2017_1229_1417,0.26
2017_1229_1423,0.53
2017_1229_1425,0.53
2017_1229_1426,0.53
2017_1229_1433,0.44
2017_1229_1435,0.5
2017_1229_1436,0.56
2017_1229_1437,0.2
2017_1229_1438,0.32
2017_1229_1439,0.41
2017_1229_1448,0.5
2017_1229_1452,0.29
2017_1229_1455,0.41
2017_1229_1457,0.59
2017_1229_1458,0.35
2017_1229_1462,0.53
2017_1233_1235,0.23
2017_1233_1240,0.53
2017_1233_1242,0.08
2017_1233_1246,0.11
2017_1233_1257,0.11
2017_1233_1266,0.35
2017_1233_1268,0.26
2017_1233_1274,0.29
2017_1233_1276,0.32
2017_1233_1277,0.35
2017_1233_1278,0.23
2017_1233_1291,0.53
2017_1233_1292,0.38
2017_1233_1297,0.5
2017_1233_1300,0.53
2017_1233_1303,0.5
2017_1233_1305,0.41
2017_1233_1309,0.53
2017_1233_1314,0.08
2017_1233_1315,0.53
2017_1233_1321,0.32
2017_1233_1323,0.2
2017_1233_1329,0.26
2017_1233_1332,0.11
2017_1233_1343,0.44
2017_1233_1344,0.35
2017_1233_1345,0.17
2017_1233_1371,0.35
2017_1233_1374,0.2
2017_1233_1376,0.26
2017_1233_1388,0.23
2017_1233_1393,0.38
2017_1233_1411,0.53
2017_1233_1414,0.5
2017_1233_1417,0.14
2017_1233_1423,0.41
2017_1233_1425,0.41
2017_1233_1426,0.41
2017_1233_1433,0.32
2017_1233_1435,0.38
2017_1233_1436,0.44
2017_1233_1437,0.08
2017_1233_1438,0.2
2017_1233_1439,0.29
2017_1233_1448,0.38
2017_1233_1452,0.17
2017_1233_1455,0.29
2017_1233_1457,0.47
2017_1233_1458,0.23
2017_1233_1462,0.41
2017_1235_1240,0.8
2017_1235_1242,0.35
2017_1235_1246,0.38
2017_1235_1257,0.38
2017_1235_1266,0.62
2017_1235_1268,0.53
2017_1235_1274,0.56
2017_1235_1276,0.59
2017_1235_1277,0.62
2017_1235_1278,0.5
2017_1235_1291,0.8
2017_1235_1292,0.65
2017_1235_1297,0.77
2017_1235_1300,0.8
2017_1235_1303,0.77
2017_1235_1305,0.68
2017_1235_1309,0.8
2017_1235_1314,0.35
2017_1235_1315,0.8
2017_1235_1321,0.59
2017_1235_1323,0.47
2017_1235_1329,0.53
2017_1235_1332,0.38
2017_1235_1343,0.71
2017_1235_1344,0.62
2017_1235_1345,0.44
2017_1235_1371,0.62
2017_1235_1374,0.47
2017_1235_1376,0.53
2017_1235_1388,0.5
2017_1235_1393,0.65
2017_1235_1411,0.8
2017_1235_1414,0.77
2017_1235_1417,0.41
2017_1235_1423,0.68
2017_1235_1425,0.68
2017_1235_1426,0.68
2017_1235_1433,0.59
2017_1235_1435,0.65
2017_1235_1436,0.71
2017_1235_1437,0.35
2017_1235_1438,0.47
2017_1235_1439,0.56
2017_1235_1448,0.65
2017_1235_1452,0.44
2017_1235_1455,0.56
2017_1235_1457,0.74
2017_1235_1458,0.5
2017_1235_1462,0.68
2017_1240_1242,0.05
2017_1240_1246,0.08
2017_1240_1257,0.08
2017_1240_1266,0.32
2017_1240_1268,0.23
2017_1240_1274,0.26
2017_1240_1276,0.29
2017_1240_1277,0.32
2017_1240_1278,0.2
2017_1240_1291,0.5
2017_1240_1292,0.35
2017_1240_1297,0.47
2017_1240_1300,0.5
2017_1240_1303,0.47
2017_1240_1305,0.38
2017_1240_1309,0.5
2017_1240_1314,0.05
2017_1240_1315,0.5
2017_1240_1321,0.29
2017_1240_1323,0.17
2017_1240_1329,0.23
2017_1240_1332,0.08
2017_1240_1343,0.41
2017_1240_1344,0.32
2017_1240_1345,0.14
2017_1240_1371,0.32
2017_1240_1374,0.17
2017_1240_1376,0.23
2017_1240_1388,0.2
2017_1240_1393,0.35
2017_1240_1411,0.5
2017_1240_1414,0.47
2017_1240_1417,0.11
2017_1240_1423,0.38
2017_1240_1425,0.38
2017_1240_1426,0.38
2017_1240_1433,0.29
2017_1240_1435,0.35
2017_1240_1436,0.41
2017_1240_1437,0.05
2017_1240_1438,0.17
2017_1240_1439,0.26
2017_1240_1448,0.35
2017_1240_1452,0.14
2017_1240_1455,0.26
2017_1240_1457,0.44
2017_1240_1458,0.2
2017_1240_1462,0.38
2017_1242_1246,0.53
2017_1242_1257,0.53
2017_1242_1266,0.77
2017_1242_1268,0.68
2017_1242_1274,0.71
2017_1242_1276,0.74
2017_1242_1277,0.77
2017_1242_1278,0.65
2017_1242_1291,0.95
2017_1242_1292,0.8
2017_1242_1297,0.92
2017_1242_1300,0.95
2017_1242_1303,0.92
2017_1242_1305,0.83
2017_1242_1309,0.95
2017_1242_1314,0.5
2017_1242_1315,0.95
2017_1242_1321,0.74
2017_1242_1323,0.62
2017_1242_1329,0.68
2017_1242_1332,0.53
2017_1242_1343,0.86
2017_1242_1344,0.77
2017_1242_1345,0.59
2017_1242_1371,0.77
2017_1242_1374,0.62
2017_1242_1376,0.68
2017_1242_1388,0.65
2017_1242_1393,0.8
2017_1242_1411,0.95
2017_1242_1414,0.92
2017_1242_1417,0.56
2017_1242_1423,0.83
2017_1242_1425,0.83
2017_1242_1426,0.83
2017_1242_1433,0.74
2017_1242_1435,0.8
2017_1242_1436,0.86
2017_1242_1437,0.5
2017_1242_1438,0.62
2017_1242_1439,0.71
2017_1242_1448,0.8
2017_1242_1452,0.59
2017_1242_1455,0.71
2017_1242_1457,0.89
2017_1242_1458,0.65
2017_1242_1462,0.83
2017_1246_1257,0.5
2017_1246_1266,0.74
2017_1246_1268,0.65
2017_1246_1274,0.68
2017_1246_1276,0.71
2017_1246_1277,0.74
2017_1246_1278,0.62
2017_1246_1291,0.92
2017_1246_1292,0.77
2017_1246_1297,0.89
2017_1246_1300,0.92
2017_1246_1303,0.89
2017_1246_1305,0.8
2017_1246_1309,0.92
2017_1246_1314,0.47
2017_1246_1315,0.92
2017_1246_1321,0.71
2017_1246_1323,0.59
2017_1246_1329,0.65
2017_1246_1332,0.5
2017_1246_1343,0.83
2017_1246_1344,0.74
2017_1246_1345,0.56
2017_1246_1371,0.74
2017_1246_1374,0.59
2017_1246_1376,0.65
2017_1246_1388,0.62
2017_1246_1393,0.77
2017_1246_1411,0.92
2017_1246_1414,0.89
2017_1246_1417,0.53
2017_1246_1423,0.8
2017_1246_1425,0.8
2017_1246_1426,0.8
2017_1246_1433,0.71
2017_1246_1435,0.77
2017_1246_1436,0.83
2017_1246_1437,0.47
2017_1246_1438,0.59
2017_1246_1439,0.68
2017_1246_1448,0.77
2017_1246_1452,0.56
2017_1246_1455,0.68
2017_1246_1457,0.86
2017_1246_1458,0.62
2017_1246_1462,0.8
2017_1257_1266,0.74
2017_1257_1268,0.65
2017_1257_1274,0.68
2017_1257_1276,0.71
2017_1257_1277,0.74
2017_1257_1278,0.62
2017_1257_1291,0.92
2017_1257_1292,0.77
2017_1257_1297,0.89
2017_1257_1300,0.92
2017_1257_1303,0.89
2017_1257_1305,0.8
2017_1257_1309,0.92
2017_1257_1314,0.47
2017_1257_1315,0.92
2017_1257_1321,0.71
2017_1257_1323,0.59
2017_1257_1329,0.65
2017_1257_1332,0.5
2017_1257_1343,0.83
2017_1257_1344,0.74
2017_1257_1345,0.56
2017_1257_1371,0.74
2017_1257_1374,0.59
2017_1257_1376,0.65
2017_1257_1388,0.62
2017_1257_1393,0.77
2017_1257_1411,0.92
2017_1257_1414,0.89
2017_1257_1417,0.53
2017_1257_1423,0.8
2017_1257_1425,0.8
2017_1257_1426,0.8
2017_1257_1433,0.71
2017_1257_1435,0.77
2017_1257_1436,0.83
2017_1257_1437,0.47
2017_1257_1438,0.59
2017_1257_1439,0.68
2017_1257_1448,0.77
2017_1257_1452,0.56
2017_1257_1455,0.68
2017_1257_1457,0.86
2017_1257_1458,0.62
2017_1257_1462,0.8
2017_1266_1268,0.41
2017_1266_1274,0.44
2017_1266_1276,0.47
2017_1266_1277,0.5
2017_1266_1278,0.38
2017_1266_1291,0.68
2017_1266_1292,0.53
2017_1266_1297,0.65
2017_1266_1300,0.68
2017_1266_1303,0.65
2017_1266_1305,0.56
2017_1266_1309,0.68
2017_1266_1314,0.23
2017_1266_1315,0.68
2017_1266_1321,0.47
2017_1266_1323,0.35
2017_1266_1329,0.41
2017_1266_1332,0.26
2017_1266_1343,0.59
2017_1266_1344,0.5
2017_1266_1345,0.32
2017_1266_1371,0.5
2017_1266_1374,0.35
2017_1266_1376,0.41
2017_1266_1388,0.38
2017_1266_1393,0.53
2017_1266_1411,0.68
2017_1266_1414,0.65
2017_1266_1417,0.29
2017_1266_1423,0.56
2017_1266_1425,0.56
2017_1266_1426,0.56
2017_1266_1433,0.47
2017_1266_1435,0.53
2017_1266_1436,0.59
2017_1266_1437,0.23
2017_1266_1438,0.35
2017_1266_1439,0.44
2017_1266_1448,0.53
2017_1266_1452,0.32
2017_1266_1455,0.44
2017_1266_1457,0.62
2017_1266_1458,0.38
2017_1266_1462,0.56
2017_1268_1274,0.53
2017_1268_1276,0.56
2017_1268_1277,0.59
2017_1268_1278,0.47
2017_1268_1291,0.77
2017_1268_1292,0.62
2017_1268_1297,0.74
2017_1268_1300,0.77
2017_1268_1303,0.74
2017_1268_1305,0.65
2017_1268_1309,0.77
2017_1268_1314,0.32
2017_1268_1315,0.77
2017_1268_1321,0.56
2017_1268_1323,0.44
2017_1268_1329,0.5
2017_1268_1332,0.35
2017_1268_1343,0.68
2017_1268_1344,0.59
2017_1268_1345,0.41
2017_1268_1371,0.59
2017_1268_1374,0.44
2017_1268_1376,0.5
2017_1268_1388,0.47
2017_1268_1393,0.62
2017_1268_1411,0.77
2017_1268_1414,0.74
2017_1268_1417,0.38
2017_1268_1423,0.65
2017_1268_1425,0.65
2017_1268_1426,0.65
2017_1268_1433,0.56
2017_1268_1435,0.62
2017_1268_1436,0.68
2017_1268_1437,0.32
2017_1268_1438,0.44
2017_1268_1439,0.53
2017_1268_1448,0.62
2017_1268_1452,0.41
2017_1268_1455,0.53
2017_1268_1457,0.71
2017_1268_1458,0.47
2017_1268_1462,0.65
2017_1274_1276,0.53
2017_1274_1277,0.56
2017_1274_1278,0.44
2017_1274_1291,0.74
2017_1274_1292,0.59
2017_1274_1297,0.71
2017_1274_1300,0.74
2017_1274_1303,0.71
2017_1274_1305,0.62
2017_1274_1309,0.74
2017_1274_1314,0.29
2017_1274_1315,0.74
2017_1274_1321,0.53
2017_1274_1323,0.41
2017_1274_1329,0.47
2017_1274_1332,0.32
2017_1274_1343,0.65
2017_1274_1344,0.56
2017_1274_1345,0.38
2017_1274_1371,0.56
2017_1274_1374,0.41
2017_1274_1376,0.47
2017_1274_1388,0.44
2017_1274_1393,0.59
2017_1274_1411,0.74
2017_1274_1414,0.71
2017_1274_1417,0.35
2017_1274_1423,0.62
2017_1274_1425,0.62
2017_1274_1426,0.62
2017_1274_1433,0.53
2017_1274_1435,0.59
2017_1274_1436,0.65
2017_1274_1437,0.29
2017_1274_1438,0.41
2017_1274_1439,0.5
2017_1274_1448,0.59
2017_1274_1452,0.38
2017_1274_1455,0.5
2017_1274_1457,0.68
2017_1274_1458,0.44
2017_1274_1462,0.62
2017_1276_1277,0.53
2017_1276_1278,0.41
2017_1276_1291,0.71
2017_1276_1292,0.56
2017_1276_1297,0.68
2017_1276_1300,0.71
2017_1276_1303,0.68
2017_1276_1305,0.59
2017_1276_1309,0.71
2017_1276_1314,0.26
2017_1276_1315,0.71
2017_1276_1321,0.5
2017_1276_1323,0.38
2017_1276_1329,0.44
2017_1276_1332,0.29
2017_1276_1343,0.62
2017_1276_1344,0.53
2017_1276_1345,0.35
2017_1276_1371,0.53
2017_1276_1374,0.38
2017_1276_1376,0.44
2017_1276_1388,0.41
2017_1276_1393,0.56
2017_1276_1411,0.71
2017_1276_1414,0.68
2017_1276_1417,0.32
2017_1276_1423,0.59
2017_1276_1425,0.59
2017_1276_1426,0.59
2017_1276_1433,0.5
2017_1276_1435,0.56
2017_1276_1436,0.62
2017_1276_1437,0.26
2017_1276_1438,0.38
2017_1276_1439,0.47
2017_1276_1448,0.56
2017_1276_1452,0.35
2017_1276_1455,0.47
2017_1276_1457,0.65
2017_1276_1458,0.41
2017_1276_1462,0.59
2017_1277_1278,0.38
2017_1277_1291,0.68
2017_1277_1292,0.53
2017_1277_1297,0.65
2017_1277_1300,0.68
2017_1277_1303,0.65
2017_1277_1305,0.56
2017_1277_1309,0.68
2017_1277_1314,0.23
2017_1277_1315,0.68
2017_1277_1321,0.47
2017_1277_1323,0.35
2017_1277_1329,0.41
2017_1277_1332,0.26
2017_1277_1343,0.59
2017_1277_1344,0.5
2017_1277_1345,0.32
2017_1277_1371,0.5
2017_1277_1374,0.35
2017_1277_1376,0.41
2017_1277_1388,0.38
2017_1277_1393,0.53
2017_1277_1411,0.68
2017_1277_1414,0.65
2017_1277_1417,0.29
2017_1277_1423,0.56
2017_1277_1425,0.56
2017_1277_1426,0.56
2017_1277_1433,0.47
2017_1277_1435,0.53
2017_1277_1436,0.59
2017_1277_1437,0.23
2017_1277_1438,0.35
2017_1277_1439,0.44
2017_1277_1448,0.53
2017_1277_1452,0.32
2017_1277_1455,0.44
2017_1277_1457,0.62
2017_1277_1458,0.38
2017_1277_1462,0.56
2017_1278_1291,0.8
2017_1278_1292,0.65
2017_1278_1297,0.77
2017_1278_1300,0.8
2017_1278_1303,0.77
2017_1278_1305,0.68
2017_1278_1309,0.8
2017_1278_1314,0.35
2017_1278_1315,0.8
2017_1278_1321,0.59
2017_1278_1323,0.47
2017_1278_1329,0.53
2017_1278_1332,0.38
2017_1278_1343,0.71
2017_1278_1344,0.62
2017_1278_1345,0.44
2017_1278_1371,0.62
2017_1278_1374,0.47
2017_1278_1376,0.53
2017_1278_1388,0.5
2017_1278_1393,0.65
2017_1278_1411,0.8
2017_1278_1414,0.77
2017_1278_1417,0.41
2017_1278_1423,0.68
2017_1278_1425,0.68
2017_1278_1426,0.68
2017_1278_1433,0.59
2017_1278_1435,0.65
2017_1278_1436,0.71
2017_1278_1437,0.35
2017_1278_1438,0.47
2017_1278_1439,0.56
2017_1278_1448,0.65
2017_1278_1452,0.44
2017_1278_1455,0.56
2017_1278_1457,0.74
2017_1278_1458,0.5
2017_1278_1462,0.68
2017_1291_1292,0.35
2017_1291_1297,0.47
2017_1291_1300,0.5
2017_1291_1303,0.47
2017_1291_1305,0.38
2017_1291_1309,0.5
2017_1291_1314,0.05
2017_1291_1315,0.5
2017_1291_1321,0.29
2017_1291_1323,0.17
2017_1291_1329,0.23
2017_1291_1332,0.08
2017_1291_1343,0.41
2017_1291_1344,0.32
2017_1291_1345,0.14
2017_1291_1371,0.32
2017_1291_1374,0.17
2017_1291_1376,0.23
2017_1291_1388,0.2
2017_1291_1393,0.35
2017_1291_1411,0.5
2017_1291_1414,0.47
2017_1291_1417,0.11
2017_1291_1423,0.38
2017_1291_1425,0.38
2017_1291_1426,0.38
2017_1291_1433,0.29
2017_1291_1435,0.35
2017_1291_1436,0.41
2017_1291_1437,0.05
2017_1291_1438,0.17
2017_1291_1439,0.26
2017_1291_1448,0.35
2017_1291_1452,0.14
2017_1291_1455,0.26
2017_1291_1457,0.44
2017_1291_1458,0.2
2017_1291_1462,0.38
2017_1292_1297,0.62
2017_1292_1300,0.65
2017_1292_1303,0.62
2017_1292_1305,0.53
2017_1292_1309,0.65
2017_1292_1314,0.2
2017_1292_1315,0.65
2017_1292_1321,0.44
2017_1292_1323,0.32
2017_1292_1329,0.38
2017_1292_1332,0.23
2017_1292_1343,0.56
2017_1292_1344,0.47
2017_1292_1345,0.29
2017_1292_1371,0.47
2017_1292_1374,0.32
2017_1292_1376,0.38
2017_1292_1388,0.35
2017_1292_1393,0.5
2017_1292_1411,0.65
2017_1292_1414,0.62
2017_1292_1417,0.26
2017_1292_1423,0.53
2017_1292_1425,0.53
2017_1292_1426,0.53
2017_1292_1433,0.44
2017_1292_1435,0.5
2017_1292_1436,0.56
2017_1292_1437,0.2
2017_1292_1438,0.32
2017_1292_1439,0.41
2017_1292_1448,0.5
2017_1292_1452,0.29
2017_1292_1455,0.41
2017_1292_1457,0.59
2017_1292_1458,0.35
2017_1292_1462,0.53
2017_1297_1300,0.53
2017_1297_1303,0.5
2017_1297_1305,0.41
2017_1297_1309,0.53
2017_1297_1314,0.08
2017_1297_1315,0.53
2017_1297_1321,0.32
2017_1297_1323,0.2
2017_1297_1329,0.26
2017_1297_1332,0.11
2017_1297_1343,0.44
2017_1297_1344,0.35
2017_1297_1345,0.17
2017_1297_1371,0.35
2017_1297_1374,0.2
2017_1297_1376,0.26
2017_1297_1388,0.23
2017_1297_1393,0.38
2017_1297_1411,0.53
2017_1297_1414,0.5
2017_1297_1417,0.14
2017_1297_1423,0.41
2017_1297_1425,0.41
2017_1297_1426,0.41
2017_1297_1433,0.32
2017_1297_1435,0.38
2017_1297_1436,0.44
2017_1297_1437,0.08
2017_1297_1438,0.2
2017_1297_1439,0.29
2017_1297_1448,0.38
2017_1297_1452,0.17
2017_1297_1455,0.29
2017_1297_1457,0.47
2017_1297_1458,0.23
2017_1297_1462,0.41
2017_1300_1303,0.47
2017_1300_1305,0.38
2017_1300_1309,0.5
2017_1300_1314,0.05
2017_1300_1315,0.5
2017_1300_1321,0.29
2017_1300_1323,0.17
2017_1300_1329,0.23
2017_1300_1332,0.08
2017_1300_1343,0.41
2017_1300_1344,0.32
2017_1300_1345,0.14
2017_1300_1371,0.32
2017_1300_1374,0.17
2017_1300_1376,0.23
2017_1300_1388,0.2
2017_1300_1393,0.35
2017_1300_1411,0.5
2017_1300_1414,0.47
2017_1300_1417,0.11
2017_1300_1423,0.38
2017_1300_1425,0.38
2017_1300_1426,0.38
2017_1300_1433,0.29
2017_1300_1435,0.35
2017_1300_1436,0.41
2017_1300_1437,0.05
2017_1300_1438,0.17
2017_1300_1439,0.26
2017_1300_1448,0.35
2017_1300_1452,0.14
2017_1300_1455,0.26
2017_1300_1457,0.44
2017_1300_1458,0.2
2017_1300_1462,0.38
2017_1303_1305,0.41
2017_1303_1309,0.53
2017_1303_1314,0.08
2017_1303_1315,0.53
2017_1303_1321,0.32
2017_1303_1323,0.2
2017_1303_1329,0.26
2017_1303_1332,0.11
2017_1303_1343,0.44
2017_1303_1344,0.35
2017_1303_1345,0.17
2017_1303_1371,0.35
2017_1303_1374,0.2
2017_1303_1376,0.26
2017_1303_1388,0.23
2017_1303_1393,0.38
2017_1303_1411,0.53
2017_1303_1414,0.5
2017_1303_1417,0.14
2017_1303_1423,0.41
2017_1303_1425,0.41
2017_1303_1426,0.41
2017_1303_1433,0.32
2017_1303_1435,0.38
2017_1303_1436,0.44
2017_1303_1437,0.08
2017_1303_1438,0.2
2017_1303_1439,0.29
2017_1303_1448,0.38
2017_1303_1452,0.17
2017_1303_1455,0.29
2017_1303_1457,0.47
2017_1303_1458,0.23
2017_1303_1462,0.41
2017_1305_1309,0.62
2017_1305_1314,0.17
2017_1305_1315,0.62
2017_1305_1321,0.41
2017_1305_1323,0.29
2017_1305_1329,0.35
2017_1305_1332,0.2
2017_1305_1343,0.53
2017_1305_1344,0.44
2017_1305_1345,0.26
2017_1305_1371,0.44
2017_1305_1374,0.29
2017_1305_1376,0.35
2017_1305_1388,0.32
2017_1305_1393,0.47
2017_1305_1411,0.62
2017_1305_1414,0.59
2017_1305_1417,0.23
2017_1305_1423,0.5
2017_1305_1425,0.5
2017_1305_1426,0.5
2017_1305_1433,0.41
2017_1305_1435,0.47
2017_1305_1436,0.53
2017_1305_1437,0.17
2017_1305_1438,0.29
2017_1305_1439,0.38
2017_1305_1448,0.47
2017_1305_1452,0.26
2017_1305_1455,0.38
2017_1305_1457,0.56
2017_1305_1458,0.32
2017_1305_1462,0.5
2017_1309_1314,0.05
2017_1309_1315,0.5
2017_1309_1321,0.29
2017_1309_1323,0.17
2017_1309_1329,0.23
2017_1309_1332,0.08
2017_1309_1343,0.41
2017_1309_1344,0.32
2017_1309_1345,0.14
2017_1309_1371,0.32
2017_1309_1374,0.17
2017_1309_1376,0.23
2017_1309_1388,0.2
2017_1309_1393,0.35
2017_1309_1411,0.5
2017_1309_1414,0.47
2017_1309_1417,0.11
2017_1309_1423,0.38
2017_1309_1425,0.38
2017_1309_1426,0.38
2017_1309_1433,0.29
2017_1309_1435,0.35
2017_1309_1436,0.41
2017_1309_1437,0.05
2017_1309_1438,0.17
2017_1309_1439,0.26
2017_1309_1448,0.35
2017_1309_1452,0.14
2017_1309_1455,0.26
2017_1309_1457,0.44
2017_1309_1458,0.2
2017_1309_1462,0.38
2017_1314_1315,0.95
2017_1314_1321,0.74
2017_1314_1323,0.62
2017_1314_1329,0.68
2017_1314_1332,0.53
2017_1314_1343,0.86
2017_1314_1344,0.77
2017_1314_1345,0.59
2017_1314_1371,0.77
2017_1314_1374,0.62
2017_1314_1376,0.68
2017_1314_1388,0.65
2017_1314_1393,0.8
2017_1314_1411,0.95
2017_1314_1414,0.92
2017_1314_1417,0.56
2017_1314_1423,0.83
2017_1314_1425,0.83
2017_1314_1426,0.83
2017_1314_1433,0.74
2017_1314_1435,0.8
2017_1314_1436,0.86
2017_1314_1437,0.5
2017_1314_1438,0.62
2017_1314_1439,0.71
2017_1314_1448,0.8
2017_1314_1452,0.59
2017_1314_1455,0.71
2017_1314_1457,0.89
2017_1314_1458,0.65
2017_1314_1462,0.83
2017_1315_1321,0.29
2017_1315_1323,0.17
2017_1315_1329,0.23
2017_1315_1332,0.08
2017_1315_1343,0.41
2017_1315_1344,0.32
2017_1315_1345,0.14
2017_1315_1371,0.32
2017_1315_1374,0.17
2017_1315_1376,0.23
2017_1315_1388,0.2
2017_1315_1393,0.35
2017_1315_1411,0.5
2017_1315_1414,0.47
2017_1315_1417,0.11
2017_1315_1423,0.38
2017_1315_1425,0.38
2017_1315_1426,0.38
2017_1315_1433,0.29
2017_1315_1435,0.35
2017_1315_1436,0.41
2017_1315_1437,0.05
2017_1315_1438,0.17
2017_1315_1439,0.26
2017_1315_1448,0.35
2017_1315_1452,0.14
2017_1315_1455,0.26
2017_1315_1457,0.44
2017_1315_1458,0.2
2017_1315_1462,0.38
2017_1321_1323,0.38
2017_1321_1329,0.44
2017_1321_1332,0.29
2017_1321_1343,0.62
2017_1321_1344,0.53
2017_1321_1345,0.35
2017_1321_1371,0.53
2017_1321_1374,0.38
2017_1321_1376,0.44
2017_1321_1388,0.41
2017_1321_1393,0.56
2017_1321_1411,0.71
2017_1321_1414,0.68
2017_1321_1417,0.32
2017_1321_1423,0.59
2017_1321_1425,0.59
2017_1321_1426,0.59
2017_1321_1433,0.5
2017_1321_1435,0.56
2017_1321_1436,0.62
2017_1321_1437,0.26
2017_1321_1438,0.38
2017_1321_1439,0.47
2017_1321_1448,0.56
2017_1321_1452,0.35
2017_1321_1455,0.47
2017_1321_1457,0.65
2017_1321_1458,0.41
2017_1321_1462,0.59
2017_1323_1329,0.56
2017_1323_1332,0.41
2017_1323_1343,0.74
2017_1323_1344,0.65
2017_1323_1345,0.47
2017_1323_1371,0.65
2017_1323_1374,0.5
2017_1323_1376,0.56
2017_1323_1388,0.53
2017_1323_1393,0.68
2017_1323_1411,0.83
2017_1323_1414,0.8
2017_1323_1417,0.44
2017_1323_1423,0.71
2017_1323_1425,0.71
2017_1323_1426,0.71
2017_1323_1433,0.62
2017_1323_1435,0.68
2017_1323_1436,0.74
2017_1323_1437,0.38
2017_1323_1438,0.5
2017_1323_1439,0.59
2017_1323_1448,0.68
2017_1323_1452,0.47
2017_1323_1455,0.59
2017_1323_1457,0.77
2017_1323_1458,0.53
2017_1323_1462,0.71
2017_1329_1332,0.35
2017_1329_1343,0.68
2017_1329_1344,0.59
2017_1329_1345,0.41
2017_1329_1371,0.59
2017_1329_1374,0.44
2017_1329_1376,0.5
2017_1329_1388,0.47
2017_1329_1393,0.62
2017_1329_1411,0.77
2017_1329_1414,0.74
2017_1329_1417,0.38
2017_1329_1423,0.65
2017_1329_1425,0.65
2017_1329_1426,0.65
2017_1329_1433,0.56
2017_1329_1435,0.62
2017_1329_1436,0.68
2017_1329_1437,0.32
2017_1329_1438,0.44
2017_1329_1439,0.53
2017_1329_1448,0.62
2017_1329_1452,0.41
2017_1329_1455,0.53
2017_1329_1457,0.71
2017_1329_1458,0.47
2017_1329_1462,0.65
2017_1332_1343,0.83
2017_1332_1344,0.74
2017_1332_1345,0.56
2017_1332_1371,0.74
2017_1332_1374,0.59
2017_1332_1376,0.65
2017_1332_1388,0.62
2017_1332_1393,0.77
2017_1332_1411,0.92
2017_1332_1414,0.89
2017_1332_1417,0.53
2017_1332_1423,0.8
2017_1332_1425,0.8
2017_1332_1426,0.8
2017_1332_1433,0.71
2017_1332_1435,0.77
2017_1332_1436,0.83
2017_1332_1437,0.47
2017_1332_1438,0.59
2017_1332_1439,0.68
2017_1332_1448,0.77
2017_1332_1452,0.56
2017_1332_1455,0.68
2017_1332_1457,0.86
2017_1332_1458,0.62
2017_1332_1462,0.8
2017_1343_1344,0.41
2017_1343_1345,0.23
2017_1343_1371,0.41
2017_1343_1374,0.26
2017_1343_1376,0.32
2017_1343_1388,0.29
2017_1343_1393,0.44
2017_1343_1411,0.59
2017_1343_1414,0.56
2017_1343_1417,0.2
2017_1343_1423,0.47
2017_1343_1425,0.47
2017_1343_1426,0.47
2017_1343_1433,0.38
2017_1343_1435,0.44
2017_1343_1436,0.5
2017_1343_1437,0.14
2017_1343_1438,0.26
2017_1343_1439,0.35
2017_1343_1448,0.44
2017_1343_1452,0.23
2017_1343_1455,0.35
2017_1343_1457,0.53
2017_1343_1458,0.29
2017_1343_1462,0.47
2017_1344_1345,0.32
2017_1344_1371,0.5
2017_1344_1374,0.35
2017_1344_1376,0.41
2017_1344_1388,0.38
2017_1344_1393,0.53
2017_1344_1411,0.68
2017_1344_1414,0.65
2017_1344_1417,0.29
2017_1344_1423,0.56
2017_1344_1425,0.56
2017_1344_1426,0.56
2017_1344_1433,0.47
2017_1344_1435,0.53
2017_1344_1436,0.59
2017_1344_1437,0.23
2017_1344_1438,0.35
2017_1344_1439,0.44
2017_1344_1448,0.53
2017_1344_1452,0.32
2017_1344_1455,0.44
2017_1344_1457,0.62
2017_1344_1458,0.38
2017_1344_1462,0.56
2017_1345_1371,0.68
2017_1345_1374,0.53
2017_1345_1376,0.59
2017_1345_1388,0.56
2017_1345_1393,0.71
2017_1345_1411,0.86
2017_1345_1414,0.83
2017_1345_1417,0.47
2017_1345_1423,0.74
2017_1345_1425,0.74
2017_1345_1426,0.74
2017_1345_1433,0.65
2017_1345_1435,0.71
2017_1345_1436,0.77
2017_1345_1437,0.41
2017_1345_1438,0.53
2017_1345_1439,0.62
2017_1345_1448,0.71
2017_1345_1452,0.5
2017_1345_1455,0.62
2017_1345_1457,0.8
2017_1345_1458,0.56
2017_1345_1462,0.74
2017_1371_1374,0.35
2017_1371_1376,0.41
2017_1371_1388,0.38
2017_1371_1393,0.53
2017_1371_1411,0.68
2017_1371_1414,0.65
2017_1371_1417,0.29
2017_1371_1423,0.56
2017_1371_1425,0.56
2017_1371_1426,0.56
2017_1371_1433,0.47
2017_1371_1435,0.53
2017_1371_1436,0.59
2017_1371_1437,0.23
2017_1371_1438,0.35
2017_1371_1439,0.44
2017_1371_1448,0.53
2017_1371_1452,0.32
2017_1371_1455,0.44
2017_1371_1457,0.62
2017_1371_1458,0.38
2017_1371_1462,0.56
2017_1374_1376,0.56
2017_1374_1388,0.53
2017_1374_1393,0.68
2017_1374_1411,0.83
2017_1374_1414,0.8
2017_1374_1417,0.44
2017_1374_1423,0.71
2017_1374_1425,0.71
2017_1374_1426,0.71
2017_1374_1433,0.62
2017_1374_1435,0.68
2017_1374_1436,0.74
2017_1374_1437,0.38
2017_1374_1438,0.5
2017_1374_1439,0.59
2017_1374_1448,0.68
2017_1374_1452,0.47
2017_1374_1455,0.59
2017_1374_1457,0.77
2017_1374_1458,0.53
2017_1374_1462,0.71
2017_1376_1388,0.47
2017_1376_1393,0.62
2017_1376_1411,0.77
2017_1376_1414,0.74
2017_1376_1417,0.38
2017_1376_1423,0.65
2017_1376_1425,0.65
2017_1376_1426,0.65
2017_1376_1433,0.56
2017_1376_1435,0.62
2017_1376_1436,0.68
2017_1376_1437,0.32
2017_1376_1438,0.44
2017_1376_1439,0.53
2017_1376_1448,0.62
2017_1376_1452,0.41
2017_1376_1455,0.53
2017_1376_1457,0.71
2017_1376_1458,0.47
2017_1376_1462,0.65
2017_1388_1393,0.65
2017_1388_1411,0.8
2017_1388_1414,0.77
2017_1388_1417,0.41
2017_1388_1423,0.68
2017_1388_1425,0.68
2017_1388_1426,0.68
2017_1388_1433,0.59
2017_1388_1435,0.65
2017_1388_1436,0.71
2017_1388_1437,0.35
2017_1388_1438,0.47
2017_1388_1439,0.56
2017_1388_1448,0.65
2017_1388_1452,0.44
2017_1388_1455,0.56
2017_1388_1457,0.74
2017_1388_1458,0.5
2017_1388_1462,0.68
2017_1393_1411,0.65
2017_1393_1414,0.62
2017_1393_1417,0.26
2017_1393_1423,0.53
2017_1393_1425,0.53
2017_1393_1426,0.53
2017_1393_1433,0.44
2017_1393_1435,0.5
2017_1393_1436,0.56
2017_1393_1437,0.2
2017_1393_1438,0.32
2017_1393_1439,0.41
2017_1393_1448,0.5
2017_1393_1452,0.29
2017_1393_1455,0.41
2017_1393_1457,0.59
2017_1393_1458,0.35
2017_1393_1462,0.53
2017_1411_1414,0.47
2017_1411_1417,0.11
2017_1411_1423,0.38
2017_1411_1425,0.38
2017_1411_1426,0.38
2017_1411_1433,0.29
2017_1411_1435,0.35
2017_1411_1436,0.41
2017_1411_1437,0.05
2017_1411_1438,0.17
2017_1411_1439,0.26
2017_1411_1448,0.35
2017_1411_1452,0.14
2017_1411_1455,0.26
2017_1411_1457,0.44
2017_1411_1458,0.2
2017_1411_1462,0.38
2017_1414_1417,0.14
2017_1414_1423,0.41
2017_1414_1425,0.41
2017_1414_1426,0.41
2017_1414_1433,0.32
2017_1414_1435,0.38
2017_1414_1436,0.44
2017_1414_1437,0.08
2017_1414_1438,0.2
2017_1414_1439,0.29
2017_1414_1448,0.38
2017_1414_1452,0.17
2017_1414_1455,0.29
2017_1414_1457,0.47
2017_1414_1458,0.23
2017_1414_1462,0.41
2017_1417_1423,0.77
2017_1417_1425,0.77
2017_1417_1426,0.77
2017_1417_1433,0.68
2017_1417_1435,0.74
2017_1417_1436,0.8
2017_1417_1437,0.44
2017_1417_1438,0.56
2017_1417_1439,0.65
2017_1417_1448,0.74
2017_1417_1452,0.53
2017_1417_1455,0.65
2017_1417_1457,0.83
2017_1417_1458,0.59
2017_1417_1462,0.77
2017_1423_1425,0.5
2017_1423_1426,0.5
2017_1423_1433,0.41
2017_1423_1435,0.47
2017_1423_1436,0.53
2017_1423_1437,0.17
2017_1423_1438,0.29
2017_1423_1439,0.38
2017_1423_1448,0.47
2017_1423_1452,0.26
2017_1423_1455,0.38
2017_1423_1457,0.56
2017_1423_1458,0.32
2017_1423_1462,0.5
2017_1425_1426,0.5
2017_1425_1433,0.41
2017_1425_1435,0.47
2017_1425_1436,0.53
2017_1425_1437,0.17
2017_1425_1438,0.29
2017_1425_1439,0.38
2017_1425_1448,0.47
2017_1425_1452,0.26
2017_1425_1455,0.38
2017_1425_1457,0.56
2017_1425_1458,0.32
2017_1425_1462,0.5
2017_1426_1433,0.41
2017_1426_1435,0.47
2017_1426_1436,0.53
2017_1426_1437,0.17
2017_1426_1438,0.29
2017_1426_1439,0.38
2017_1426_1448,0.47
2017_1426_1452,0.26
2017_1426_1455,0.38
2017_1426_1457,0.56
2017_1426_1458,0.32
2017_1426_1462,0.5
2017_1433_1435,0.56
2017_1433_1436,0.62
2017_1433_1437,0.26
2017_1433_1438,0.38
2017_1433_1439,0.47
2017_1433_1448,0.56
2017_1433_1452,0.35
2017_1433_1455,0.47
2017_1433_1457,0.65
2017_1433_1458,0.41
2017_1433_1462,0.59
2017_1435_1436,0.56
2017_1435_1437,0.2
2017_1435_1438,0.32
2017_1435_1439,0.41
2017_1435_1448,0.5
2017_1435_1452,0.29
2017_1435_1455,0.41
2017_1435_1457,0.59
2017_1435_1458,0.35
2017_1435_1462,0.53
2017_1436_1437,0.14
2017_1436_1438,0.26
2017_1436_1439,0.35
2017_1436_1448,0.44
2017_1436_1452,0.23
2017_1436_1455,0.35
2017_1436_1457,0.53
2017_1436_1458,0.29
2017_1436_1462,0.47
2017_1437_1438,0.62
2017_1437_1439,0.71
2017_1437_1448,0.8
2017_1437_1452,0.59
2017_1437_1455,0.71
2017_1437_1457,0.89
2017_1437_1458,0.65
2017_1437_1462,0.83
2017_1438_1439,0.59
2017_1438_1448,0.68
2017_1438_1452,0.47
2017_1438_1455,0.59
2017_1438_1457,0.77
2017_1438_1458,0.53
2017_1438_1462,0.71
2017_1439_1448,0.59
2017_1439_1452,0.38
2017_1439_1455,0.5
2017_1439_1457,0.68
2017_1439_1458,0.44
2017_1439_1462,0.62
2017_1448_1452,0.29
2017_1448_1455,0.41
2017_1448_1457,0.59
2017_1448_1458,0.35
2017_1448_1462,0.53
2017_1452_1455,0.62
2017_1452_1457,0.8
2017_1452_1458,0.56
2017_1452_1462,0.74
2017_1455_1457,0.68
2017_1455_1458,0.44
2017_1455_1462,0.62
2017_1457_1458,0.26
2017_1457_1462,0.44
2017_1458_1462,0.68
