id,pred
2015_1107_1112,0.5
2015_1107_1116,0.5
2015_1107_1124,0.5
2015_1107_1125,0.5
2015_1107_1129,0.5
2015_1107_1138,0.5
2015_1107_1139,0.5
2015_1107_1140,0.5
2015_1107_1153,0.5
2015_1107_1157,0.5
2015_1107_1172,0.5
2015_1107_1173,0.5
2015_1107_1181,0.5
2015_1107_1186,0.5
2015_1107_1207,0.5
2015_1107_1208,0.5
2015_1107_1209,0.5
2015_1107_1211,0.5
2015_1107_1214,0.5
2015_1107_1217,0.5
2015_1107_1231,0.5
2015_1107_1234,0.5
2015_1107_1235,0.5
2015_1107_1242,0.5
2015_1107_1246,0.5
2015_1107_1248,0.5
2015_1107_1257,0.5
2015_1107_1261,0.5
2015_1107_1264,0.5
2015_1107_1268,0.5
2015_1107_1277,0.5
2015_1107_1279,0.5
2015_1107_1295,0.5
2015_1107_1301,0.5
2015_1107_1308,0.5
2015_1107_1314,0.5
2015_1107_1316,0.5
2015_1107_1318,0.5
2015_1107_1320,0.5
2015_1107_1323,0.5
2015_1107_1326,0.5
2015_1107_1328,0.5
2015_1107_1329,0.5
2015_1107_1332,0.5
2015_1107_1344,0.5
2015_1107_1345,0.5
2015_1107_1352,0.5
2015_1107_1361,0.5
2015_1107_1372,0.5
2015_1107_1374,0.5
2015_1107_1385,0.5
2015_1107_1400,0.5
2015_1107_1411,0.5
2015_1107_1412,0.5
2015_1107_1414,0.5
2015_1107_1417,0.5
2015_1107_1428,0.5
2015_1107_1433,0.5
2015_1107_1434,0.5
2015_1107_1437,0.5
2015_1107_1438,0.5
2015_1107_1452,0.5
2015_1107_1455,0.5
2015_1107_1458,0.5
2015_1107_1459,0.5
2015_1107_1461,0.5
2015_1107_1462,0.5
2015_1112_1116,0.5
2015_1112_1124,0.5
2015_1112_1125,0.5
2015_1112_1129,0.5
2015_1112_1138,0.5
2015_1112_1139,0.5
2015_1112_1140,0.5
2015_1112_1153,0.5
2015_1112_1157,0.5
2015_1112_1172,0.5
2015_1112_1173,0.5
2015_1112_1181,0.5
2015_1112_1186,0.5
2015_1112_1207,0.5
2015_1112_1208,0.5
2015_1112_1209,0.5
2015_1112_1211,0.5
2015_1112_1214,0.5
2015_1112_1217,0.5
2015_1112_1231,0.5
2015_1112_1234,0.5
2015_1112_1235,0.5
2015_1112_1242,0.5
2015_1112_1246,0.5
2015_1112_1248,0.5
2015_1112_1257,0.5
2015_1112_1261,0.5
2015_1112_1264,0.5
2015_1112_1268,0.5
2015_1112_1277,0.5
2015_1112_1279,0.5
2015_1112_1295,0.5
2015_1112_1301,0.5
2015_1112_1308,0.5
2015_1112_1314,0.5
2015_1112_1316,0.5
2015_1112_1318,0.5
2015_1112_1320,0.5
2015_1112_1323,0.5
2015_1112_1326,0.5
2015_1112_1328,0.5
2015_1112_1329,0.5
2015_1112_1332,0.5
2015_1112_1344,0.5
2015_1112_1345,0.5
2015_1112_1352,0.5
2015_1112_1361,0.5
2015_1112_1372,0.5
2015_1112_1374,0.5
2015_1112_1385,0.5
2015_1112_1400,0.5
2015_1112_1411,0.5
2015_1112_1412,0.5
2015_1112_1414,0.5
2015_1112_1417,0.5
2015_1112_1428,0.5
2015_1112_1433,0.5
2015_1112_1434,0.5
2015_1112_1437,0.5
2015_1112_1438,0.5
2015_1112_1452,0.5
2015_1112_1455,0.5
2015_1112_1458,0.5
2015_1112_1459,0.5
2015_1112_1461,0.5
2015_1112_1462,0.5
2015_1116_1124,0.5
2015_1116_1125,0.5
2015_1116_1129,0.5
2015_1116_1138,0.5
2015_1116_1139,0.5
2015_1116_1140,0.5
2015_1116_1153,0.5
2015_1116_1157,0.5
2015_1116_1172,0.5
2015_1116_1173,0.5
2015_1116_1181,0.5
2015_1116_1186,0.5
2015_1116_1207,0.5
2015_1116_1208,0.5
2015_1116_1209,0.5
2015_1116_1211,0.5
2015_1116_1214,0.5
2015_1116_1217,0.5
2015_1116_1231,0.5
2015_1116_1234,0.5
2015_1116_1235,0.5
2015_1116_1242,0.5
2015_1116_1246,0.5
2015_1116_1248,0.5
2015_1116_1257,0.5
2015_1116_1261,0.5
2015_1116_1264,0.5
2015_1116_1268,0.5
2015_1116_1277,0.5
2015_1116_1279,0.5
2015_1116_1295,0.5
2015_1116_1301,0.5
2015_1116_1308,0.5
2015_1116_1314,0.5
2015_1116_1316,0.5
2015_1116_1318,0.5
2015_1116_1320,0.5
2015_1116_1323,0.5
2015_1116_1326,0.5
2015_1116_1328,0.5
2015_1116_1329,0.5
2015_1116_1332,0.5
2015_1116_1344,0.5
2015_1116_1345,0.5
2015_1116_1352,0.5
2015_1116_1361,0.5
2015_1116_1372,0.5
2015_1116_1374,0.5
2015_1116_1385,0.5
2015_1116_1400,0.5
2015_1116_1411,0.5
2015_1116_1412,0.5
2015_1116_1414,0.5
2015_1116_1417,0.5
2015_1116_1428,0.5
2015_1116_1433,0.5
2015_1116_1434,0.5
2015_1116_1437,0.5
2015_1116_1438,0.5
2015_1116_1452,0.5
2015_1116_1455,0.5
2015_1116_1458,0.5
2015_1116_1459,0.5
2015_1116_1461,0.5
2015_1116_1462,0.5
2015_1124_1125,0.5
2015_1124_1129,0.5
2015_1124_1138,0.5
2015_1124_1139,0.5
2015_1124_1140,0.5
2015_1124_1153,0.5
2015_1124_1157,0.5
2015_1124_1172,0.5
2015_1124_1173,0.5
2015_1124_1181,0.5
2015_1124_1186,0.5
2015_1124_1207,0.5
2015_1124_1208,0.5
2015_1124_1209,0.5
2015_1124_1211,0.5
2015_1124_1214,0.5
2015_1124_1217,0.5
2015_1124_1231,0.5
2015_1124_1234,0.5
2015_1124_1235,0.5
2015_1124_1242,0.5
2015_1124_1246,0.5
2015_1124_1248,0.5
2015_1124_1257,0.5
2015_1124_1261,0.5
2015_1124_1264,0.5
2015_1124_1268,0.5
2015_1124_1277,0.5
2015_1124_1279,0.5
2015_1124_1295,0.5
2015_1124_1301,0.5
2015_1124_1308,0.5
2015_1124_1314,0.5
2015_1124_1316,0.5
2015_1124_1318,0.5
2015_1124_1320,0.5
2015_1124_1323,0.5
2015_1124_1326,0.5
2015_1124_1328,0.5
2015_1124_1329,0.5
2015_1124_1332,0.5
2015_1124_1344,0.5
2015_1124_1345,0.5
2015_1124_1352,0.5
2015_1124_1361,0.5
2015_1124_1372,0.5
2015_1124_1374,0.5
2015_1124_1385,0.5
2015_1124_1400,0.5
2015_1124_1411,0.5
2015_1124_1412,0.5
2015_1124_1414,0.5
2015_1124_1417,0.5
2015_1124_1428,0.5
2015_1124_1433,0.5
2015_1124_1434,0.5
2015_1124_1437,0.5
2015_1124_1438,0.5
2015_1124_1452,0.5
2015_1124_1455,0.5
2015_1124_1458,0.5
2015_1124_1459,0.5
2015_1124_1461,0.5
2015_1124_1462,0.5
2015_1125_1129,0.5
2015_1125_1138,0.5
2015_1125_1139,0.5
2015_1125_1140,0.5
2015_1125_1153,0.5
2015_1125_1157,0.5
2015_1125_1172,0.5
2015_1125_1173,0.5
2015_1125_1181,0.5
2015_1125_1186,0.5
2015_1125_1207,0.5
2015_1125_1208,0.5
2015_1125_1209,0.5
2015_1125_1211,0.5
2015_1125_1214,0.5
2015_1125_1217,0.5
2015_1125_1231,0.5
2015_1125_1234,0.5
2015_1125_1235,0.5
2015_1125_1242,0.5
2015_1125_1246,0.5
2015_1125_1248,0.5
2015_1125_1257,0.5
2015_1125_1261,0.5
2015_1125_1264,0.5
2015_1125_1268,0.5
2015_1125_1277,0.5
2015_1125_1279,0.5
2015_1125_1295,0.5
2015_1125_1301,0.5
2015_1125_1308,0.5
2015_1125_1314,0.5
2015_1125_1316,0.5
2015_1125_1318,0.5
2015_1125_1320,0.5
2015_1125_1323,0.5
2015_1125_1326,0.5
2015_1125_1328,0.5
2015_1125_1329,0.5
2015_1125_1332,0.5
2015_1125_1344,0.5
2015_1125_1345,0.5
2015_1125_1352,0.5
2015_1125_1361,0.5
2015_1125_1372,0.5
2015_1125_1374,0.5
2015_1125_1385,0.5
2015_1125_1400,0.5
2015_1125_1411,0.5
2015_1125_1412,0.5
2015_1125_1414,0.5
2015_1125_1417,0.5
2015_1125_1428,0.5
2015_1125_1433,0.5
2015_1125_1434,0.5
2015_1125_1437,0.5
2015_1125_1438,0.5
2015_1125_1452,0.5
2015_1125_1455,0.5
2015_1125_1458,0.5
2015_1125_1459,0.5
2015_1125_1461,0.5
2015_1125_1462,0.5
2015_1129_1138,0.5
2015_1129_1139,0.5
2015_1129_1140,0.5
2015_1129_1153,0.5
2015_1129_1157,0.5
2015_1129_1172,0.5
2015_1129_1173,0.5
2015_1129_1181,0.5
2015_1129_1186,0.5
2015_1129_1207,0.5
2015_1129_1208,0.5
2015_1129_1209,0.5
2015_1129_1211,0.5
2015_1129_1214,0.5
2015_1129_1217,0.5
2015_1129_1231,0.5
2015_1129_1234,0.5
2015_1129_1235,0.5
2015_1129_1242,0.5
2015_1129_1246,0.5
2015_1129_1248,0.5
2015_1129_1257,0.5
2015_1129_1261,0.5
2015_1129_1264,0.5
2015_1129_1268,0.5
2015_1129_1277,0.5
2015_1129_1279,0.5
2015_1129_1295,0.5
2015_1129_1301,0.5
2015_1129_1308,0.5
2015_1129_1314,0.5
2015_1129_1316,0.5
2015_1129_1318,0.5
2015_1129_1320,0.5
2015_1129_1323,0.5
2015_1129_1326,0.5
2015_1129_1328,0.5
2015_1129_1329,0.5
2015_1129_1332,0.5
2015_1129_1344,0.5
2015_1129_1345,0.5
2015_1129_1352,0.5
2015_1129_1361,0.5
2015_1129_1372,0.5
2015_1129_1374,0.5
2015_1129_1385,0.5
2015_1129_1400,0.5
2015_1129_1411,0.5
2015_1129_1412,0.5
2015_1129_1414,0.5
2015_1129_1417,0.5
2015_1129_1428,0.5
2015_1129_1433,0.5
2015_1129_1434,0.5
2015_1129_1437,0.5
2015_1129_1438,0.5
2015_1129_1452,0.5
2015_1129_1455,0.5
2015_1129_1458,0.5
2015_1129_1459,0.5
2015_1129_1461,0.5
2015_1129_1462,0.5
2015_1138_1139,0.5
2015_1138_1140,0.5
2015_1138_1153,0.5
2015_1138_1157,0.5
2015_1138_1172,0.5
2015_1138_1173,0.5
2015_1138_1181,0.5
2015_1138_1186,0.5
2015_1138_1207,0.5
2015_1138_1208,0.5
2015_1138_1209,0.5
2015_1138_1211,0.5
2015_1138_1214,0.5
2015_1138_1217,0.5
2015_1138_1231,0.5
2015_1138_1234,0.5
2015_1138_1235,0.5
2015_1138_1242,0.5
2015_1138_1246,0.5
2015_1138_1248,0.5
2015_1138_1257,0.5
2015_1138_1261,0.5
2015_1138_1264,0.5
2015_1138_1268,0.5
2015_1138_1277,0.5
2015_1138_1279,0.5
2015_1138_1295,0.5
2015_1138_1301,0.5
2015_1138_1308,0.5
2015_1138_1314,0.5
2015_1138_1316,0.5
2015_1138_1318,0.5
2015_1138_1320,0.5
2015_1138_1323,0.5
2015_1138_1326,0.5
2015_1138_1328,0.5
2015_1138_1329,0.5
2015_1138_1332,0.5
2015_1138_1344,0.5
2015_1138_1345,0.5
2015_1138_1352,0.5
2015_1138_1361,0.5
2015_1138_1372,0.5
2015_1138_1374,0.5
2015_1138_1385,0.5
2015_1138_1400,0.5
2015_1138_1411,0.5
2015_1138_1412,0.5
2015_1138_1414,0.5
2015_1138_1417,0.5
2015_1138_1428,0.5
2015_1138_1433,0.5
2015_1138_1434,0.5
2015_1138_1437,0.5
2015_1138_1438,0.5
2015_1138_1452,0.5
2015_1138_1455,0.5
2015_1138_1458,0.5
2015_1138_1459,0.5
2015_1138_1461,0.5
2015_1138_1462,0.5
2015_1139_1140,0.5
2015_1139_1153,0.5
2015_1139_1157,0.5
2015_1139_1172,0.5
2015_1139_1173,0.5
2015_1139_1181,0.5
2015_1139_1186,0.5
2015_1139_1207,0.5
2015_1139_1208,0.5
2015_1139_1209,0.5
2015_1139_1211,0.5
2015_1139_1214,0.5
2015_1139_1217,0.5
2015_1139_1231,0.5
2015_1139_1234,0.5
2015_1139_1235,0.5
2015_1139_1242,0.5
2015_1139_1246,0.5
2015_1139_1248,0.5
2015_1139_1257,0.5
2015_1139_1261,0.5
2015_1139_1264,0.5
2015_1139_1268,0.5
2015_1139_1277,0.5
2015_1139_1279,0.5
2015_1139_1295,0.5
2015_1139_1301,0.5
2015_1139_1308,0.5
2015_1139_1314,0.5
2015_1139_1316,0.5
2015_1139_1318,0.5
2015_1139_1320,0.5
2015_1139_1323,0.5
2015_1139_1326,0.5
2015_1139_1328,0.5
2015_1139_1329,0.5
2015_1139_1332,0.5
2015_1139_1344,0.5
2015_1139_1345,0.5
2015_1139_1352,0.5
2015_1139_1361,0.5
2015_1139_1372,0.5
2015_1139_1374,0.5
2015_1139_1385,0.5
2015_1139_1400,0.5
2015_1139_1411,0.5
2015_1139_1412,0.5
2015_1139_1414,0.5
2015_1139_1417,0.5
2015_1139_1428,0.5
2015_1139_1433,0.5
2015_1139_1434,0.5
2015_1139_1437,0.5
2015_1139_1438,0.5
2015_1139_1452,0.5
2015_1139_1455,0.5
2015_1139_1458,0.5
2015_1139_1459,0.5
2015_1139_1461,0.5
2015_1139_1462,0.5
2015_1140_1153,0.5
2015_1140_1157,0.5
2015_1140_1172,0.5
2015_1140_1173,0.5
2015_1140_1181,0.5
2015_1140_1186,0.5
2015_1140_1207,0.5
2015_1140_1208,0.5
2015_1140_1209,0.5
2015_1140_1211,0.5
2015_1140_1214,0.5
2015_1140_1217,0.5
2015_1140_1231,0.5
2015_1140_1234,0.5
2015_1140_1235,0.5
2015_1140_1242,0.5
2015_1140_1246,0.5
2015_1140_1248,0.5
2015_1140_1257,0.5
2015_1140_1261,0.5
2015_1140_1264,0.5
2015_1140_1268,0.5
2015_1140_1277,0.5
2015_1140_1279,0.5
2015_1140_1295,0.5
2015_1140_1301,0.5
2015_1140_1308,0.5
2015_1140_1314,0.5
2015_1140_1316,0.5
2015_1140_1318,0.5
2015_1140_1320,0.5
2015_1140_1323,0.5
2015_1140_1326,0.5
2015_1140_1328,0.5
2015_1140_1329,0.5
2015_1140_1332,0.5
2015_1140_1344,0.5
2015_1140_1345,0.5
2015_1140_1352,0.5
2015_1140_1361,0.5
2015_1140_1372,0.5
2015_1140_1374,0.5
2015_1140_1385,0.5
2015_1140_1400,0.5
2015_1140_1411,0.5
2015_1140_1412,0.5
2015_1140_1414,0.5
2015_1140_1417,0.5
2015_1140_1428,0.5
2015_1140_1433,0.5
2015_1140_1434,0.5
2015_1140_1437,0.5
2015_1140_1438,0.5
2015_1140_1452,0.5
2015_1140_1455,0.5
2015_1140_1458,0.5
2015_1140_1459,0.5
2015_1140_1461,0.5
2015_1140_1462,0.5
2015_1153_1157,0.5
2015_1153_1172,0.5
2015_1153_1173,0.5
2015_1153_1181,0.5
2015_1153_1186,0.5
2015_1153_1207,0.5
2015_1153_1208,0.5
2015_1153_1209,0.5
2015_1153_1211,0.5
2015_1153_1214,0.5
2015_1153_1217,0.5
2015_1153_1231,0.5
2015_1153_1234,0.5
2015_1153_1235,0.5
2015_1153_1242,0.5
2015_1153_1246,0.5
2015_1153_1248,0.5
2015_1153_1257,0.5
2015_1153_1261,0.5
2015_1153_1264,0.5
2015_1153_1268,0.5
2015_1153_1277,0.5
2015_1153_1279,0.5
2015_1153_1295,0.5
2015_1153_1301,0.5
2015_1153_1308,0.5
2015_1153_1314,0.5
2015_1153_1316,0.5
2015_1153_1318,0.5
2015_1153_1320,0.5
2015_1153_1323,0.5
2015_1153_1326,0.5
2015_1153_1328,0.5
2015_1153_1329,0.5
2015_1153_1332,0.5
2015_1153_1344,0.5
2015_1153_1345,0.5
2015_1153_1352,0.5
2015_1153_1361,0.5
2015_1153_1372,0.5
2015_1153_1374,0.5
2015_1153_1385,0.5
2015_1153_1400,0.5
2015_1153_1411,0.5
2015_1153_1412,0.5
2015_1153_1414,0.5
2015_1153_1417,0.5
2015_1153_1428,0.5
2015_1153_1433,0.5
2015_1153_1434,0.5
2015_1153_1437,0.5
2015_1153_1438,0.5
2015_1153_1452,0.5
2015_1153_1455,0.5
2015_1153_1458,0.5
2015_1153_1459,0.5
2015_1153_1461,0.5
2015_1153_1462,0.5
2015_1157_1172,0.5
2015_1157_1173,0.5
2015_1157_1181,0.5
2015_1157_1186,0.5
2015_1157_1207,0.5
2015_1157_1208,0.5
2015_1157_1209,0.5
2015_1157_1211,0.5
2015_1157_1214,0.5
2015_1157_1217,0.5
2015_1157_1231,0.5
2015_1157_1234,0.5
2015_1157_1235,0.5
2015_1157_1242,0.5
2015_1157_1246,0.5
2015_1157_1248,0.5
2015_1157_1257,0.5
2015_1157_1261,0.5
2015_1157_1264,0.5
2015_1157_1268,0.5
2015_1157_1277,0.5
2015_1157_1279,0.5
2015_1157_1295,0.5
2015_1157_1301,0.5
2015_1157_1308,0.5
2015_1157_1314,0.5
2015_1157_1316,0.5
2015_1157_1318,0.5
2015_1157_1320,0.5
2015_1157_1323,0.5
2015_1157_1326,0.5
2015_1157_1328,0.5
2015_1157_1329,0.5
2015_1157_1332,0.5
2015_1157_1344,0.5
2015_1157_1345,0.5
2015_1157_1352,0.5
2015_1157_1361,0.5
2015_1157_1372,0.5
2015_1157_1374,0.5
2015_1157_1385,0.5
2015_1157_1400,0.5
2015_1157_1411,0.5
2015_1157_1412,0.5
2015_1157_1414,0.5
2015_1157_1417,0.5
2015_1157_1428,0.5
2015_1157_1433,0.5
2015_1157_1434,0.5
2015_1157_1437,0.5
2015_1157_1438,0.5
2015_1157_1452,0.5
2015_1157_1455,0.5
2015_1157_1458,0.5
2015_1157_1459,0.5
2015_1157_1461,0.5
2015_1157_1462,0.5
2015_1172_1173,0.5
2015_1172_1181,0.5
2015_1172_1186,0.5
2015_1172_1207,0.5
2015_1172_1208,0.5
2015_1172_1209,0.5
2015_1172_1211,0.5
2015_1172_1214,0.5
2015_1172_1217,0.5
2015_1172_1231,0.5
2015_1172_1234,0.5
2015_1172_1235,0.5
2015_1172_1242,0.5
2015_1172_1246,0.5
2015_1172_1248,0.5
2015_1172_1257,0.5
2015_1172_1261,0.5
2015_1172_1264,0.5
2015_1172_1268,0.5
2015_1172_1277,0.5
2015_1172_1279,0.5
2015_1172_1295,0.5
2015_1172_1301,0.5
2015_1172_1308,0.5
2015_1172_1314,0.5
2015_1172_1316,0.5
2015_1172_1318,0.5
2015_1172_1320,0.5
2015_1172_1323,0.5
2015_1172_1326,0.5
2015_1172_1328,0.5
2015_1172_1329,0.5
2015_1172_1332,0.5
2015_1172_1344,0.5
2015_1172_1345,0.5
2015_1172_1352,0.5
2015_1172_1361,0.5
2015_1172_1372,0.5
2015_1172_1374,0.5
2015_1172_1385,0.5
2015_1172_1400,0.5
2015_1172_1411,0.5
2015_1172_1412,0.5
2015_1172_1414,0.5
2015_1172_1417,0.5
2015_1172_1428,0.5
2015_1172_1433,0.5
2015_1172_1434,0.5
2015_1172_1437,0.5
2015_1172_1438,0.5
2015_1172_1452,0.5
2015_1172_1455,0.5
2015_1172_1458,0.5
2015_1172_1459,0.5
2015_1172_1461,0.5
2015_1172_1462,0.5
2015_1173_1181,0.5
2015_1173_1186,0.5
2015_1173_1207,0.5
2015_1173_1208,0.5
2015_1173_1209,0.5
2015_1173_1211,0.5
2015_1173_1214,0.5
2015_1173_1217,0.5
2015_1173_1231,0.5
2015_1173_1234,0.5
2015_1173_1235,0.5
2015_1173_1242,0.5
2015_1173_1246,0.5
2015_1173_1248,0.5
2015_1173_1257,0.5
2015_1173_1261,0.5
2015_1173_1264,0.5
2015_1173_1268,0.5
2015_1173_1277,0.5
2015_1173_1279,0.5
2015_1173_1295,0.5
2015_1173_1301,0.5
2015_1173_1308,0.5
2015_1173_1314,0.5
2015_1173_1316,0.5
2015_1173_1318,0.5
2015_1173_1320,0.5
2015_1173_1323,0.5
2015_1173_1326,0.5
2015_1173_1328,0.5
2015_1173_1329,0.5
2015_1173_1332,0.5
2015_1173_1344,0.5
2015_1173_1345,0.5
2015_1173_1352,0.5
2015_1173_1361,0.5
2015_1173_1372,0.5
2015_1173_1374,0.5
2015_1173_1385,0.5
2015_1173_1400,0.5
2015_1173_1411,0.5
2015_1173_1412,0.5
2015_1173_1414,0.5
2015_1173_1417,0.5
2015_1173_1428,0.5
2015_1173_1433,0.5
2015_1173_1434,0.5
2015_1173_1437,0.5
2015_1173_1438,0.5
2015_1173_1452,0.5
2015_1173_1455,0.5
2015_1173_1458,0.5
2015_1173_1459,0.5
2015_1173_1461,0.5
2015_1173_1462,0.5
2015_1181_1186,0.5
2015_1181_1207,0.5
2015_1181_1208,0.5
2015_1181_1209,0.5
2015_1181_1211,0.5
2015_1181_1214,0.5
2015_1181_1217,0.5
2015_1181_1231,0.5
2015_1181_1234,0.5
2015_1181_1235,0.5
2015_1181_1242,0.5
2015_1181_1246,0.5
2015_1181_1248,0.5
2015_1181_1257,0.5
2015_1181_1261,0.5
2015_1181_1264,0.5
2015_1181_1268,0.5
2015_1181_1277,0.5
2015_1181_1279,0.5
2015_1181_1295,0.5
2015_1181_1301,0.5
2015_1181_1308,0.5
2015_1181_1314,0.5
2015_1181_1316,0.5
2015_1181_1318,0.5
2015_1181_1320,0.5
2015_1181_1323,0.5
2015_1181_1326,0.5
2015_1181_1328,0.5
2015_1181_1329,0.5
2015_1181_1332,0.5
2015_1181_1344,0.5
2015_1181_1345,0.5
2015_1181_1352,0.5
2015_1181_1361,0.5
2015_1181_1372,0.5
2015_1181_1374,0.5
2015_1181_1385,0.5
2015_1181_1400,0.5
2015_1181_1411,0.5
2015_1181_1412,0.5
2015_1181_1414,0.5
2015_1181_1417,0.5
2015_1181_1428,0.5
2015_1181_1433,0.5
2015_1181_1434,0.5
2015_1181_1437,0.5
2015_1181_1438,0.5
2015_1181_1452,0.5
2015_1181_1455,0.5
2015_1181_1458,0.5
2015_1181_1459,0.5
2015_1181_1461,0.5
2015_1181_1462,0.5
2015_1186_1207,0.5
2015_1186_1208,0.5
2015_1186_1209,0.5
2015_1186_1211,0.5
2015_1186_1214,0.5
2015_1186_1217,0.5
2015_1186_1231,0.5
2015_1186_1234,0.5
2015_1186_1235,0.5
2015_1186_1242,0.5
2015_1186_1246,0.5
2015_1186_1248,0.5
2015_1186_1257,0.5
2015_1186_1261,0.5
2015_1186_1264,0.5
2015_1186_1268,0.5
2015_1186_1277,0.5
2015_1186_1279,0.5
2015_1186_1295,0.5
2015_1186_1301,0.5
2015_1186_1308,0.5
2015_1186_1314,0.5
2015_1186_1316,0.5
2015_1186_1318,0.5
2015_1186_1320,0.5
2015_1186_1323,0.5
2015_1186_1326,0.5
2015_1186_1328,0.5
2015_1186_1329,0.5
2015_1186_1332,0.5
2015_1186_1344,0.5
2015_1186_1345,0.5
2015_1186_1352,0.5
2015_1186_1361,0.5
2015_1186_1372,0.5
2015_1186_1374,0.5
2015_1186_1385,0.5
2015_1186_1400,0.5
2015_1186_1411,0.5
2015_1186_1412,0.5
2015_1186_1414,0.5
2015_1186_1417,0.5
2015_1186_1428,0.5
2015_1186_1433,0.5
2015_1186_1434,0.5
2015_1186_1437,0.5
2015_1186_1438,0.5
2015_1186_1452,0.5
2015_1186_1455,0.5
2015_1186_1458,0.5
2015_1186_1459,0.5
2015_1186_1461,0.5
2015_1186_1462,0.5
2015_1207_1208,0.5
2015_1207_1209,0.5
2015_1207_1211,0.5
2015_1207_1214,0.5
2015_1207_1217,0.5
2015_1207_1231,0.5
2015_1207_1234,0.5
2015_1207_1235,0.5
2015_1207_1242,0.5
2015_1207_1246,0.5
2015_1207_1248,0.5
2015_1207_1257,0.5
2015_1207_1261,0.5
2015_1207_1264,0.5
2015_1207_1268,0.5
2015_1207_1277,0.5
2015_1207_1279,0.5
2015_1207_1295,0.5
2015_1207_1301,0.5
2015_1207_1308,0.5
2015_1207_1314,0.5
2015_1207_1316,0.5
2015_1207_1318,0.5
2015_1207_1320,0.5
2015_1207_1323,0.5
2015_1207_1326,0.5
2015_1207_1328,0.5
2015_1207_1329,0.5
2015_1207_1332,0.5
2015_1207_1344,0.5
2015_1207_1345,0.5
2015_1207_1352,0.5
2015_1207_1361,0.5
2015_1207_1372,0.5
2015_1207_1374,0.5
2015_1207_1385,0.5
2015_1207_1400,0.5
2015_1207_1411,0.5
2015_1207_1412,0.5
2015_1207_1414,0.5
2015_1207_1417,0.5
2015_1207_1428,0.5
2015_1207_1433,0.5
2015_1207_1434,0.5
2015_1207_1437,0.5
2015_1207_1438,0.5
2015_1207_1452,0.5
2015_1207_1455,0.5
2015_1207_1458,0.5
2015_1207_1459,0.5
2015_1207_1461,0.5
2015_1207_1462,0.5
2015_1208_1209,0.5
2015_1208_1211,0.5
2015_1208_1214,0.5
2015_1208_1217,0.5
2015_1208_1231,0.5
2015_1208_1234,0.5
2015_1208_1235,0.5
2015_1208_1242,0.5
2015_1208_1246,0.5
2015_1208_1248,0.5
2015_1208_1257,0.5
2015_1208_1261,0.5
2015_1208_1264,0.5
2015_1208_1268,0.5
2015_1208_1277,0.5
2015_1208_1279,0.5
2015_1208_1295,0.5
2015_1208_1301,0.5
2015_1208_1308,0.5
2015_1208_1314,0.5
2015_1208_1316,0.5
2015_1208_1318,0.5
2015_1208_1320,0.5
2015_1208_1323,0.5
2015_1208_1326,0.5
2015_1208_1328,0.5
2015_1208_1329,0.5
2015_1208_1332,0.5
2015_1208_1344,0.5
2015_1208_1345,0.5
2015_1208_1352,0.5
2015_1208_1361,0.5
2015_1208_1372,0.5
2015_1208_1374,0.5
2015_1208_1385,0.5
2015_1208_1400,0.5
2015_1208_1411,0.5
2015_1208_1412,0.5
2015_1208_1414,0.5
2015_1208_1417,0.5
2015_1208_1428,0.5
2015_1208_1433,0.5
2015_1208_1434,0.5
2015_1208_1437,0.5
2015_1208_1438,0.5
2015_1208_1452,0.5
2015_1208_1455,0.5
2015_1208_1458,0.5
2015_1208_1459,0.5
2015_1208_1461,0.5
2015_1208_1462,0.5
2015_1209_1211,0.5
2015_1209_1214,0.5
2015_1209_1217,0.5
2015_1209_1231,0.5
2015_1209_1234,0.5
2015_1209_1235,0.5
2015_1209_1242,0.5
2015_1209_1246,0.5
2015_1209_1248,0.5
2015_1209_1257,0.5
2015_1209_1261,0.5
2015_1209_1264,0.5
2015_1209_1268,0.5
2015_1209_1277,0.5
2015_1209_1279,0.5
2015_1209_1295,0.5
2015_1209_1301,0.5
2015_1209_1308,0.5
2015_1209_1314,0.5
2015_1209_1316,0.5
2015_1209_1318,0.5
2015_1209_1320,0.5
2015_1209_1323,0.5
2015_1209_1326,0.5
2015_1209_1328,0.5
2015_1209_1329,0.5
2015_1209_1332,0.5
2015_1209_1344,0.5
2015_1209_1345,0.5
2015_1209_1352,0.5
2015_1209_1361,0.5
2015_1209_1372,0.5
2015_1209_1374,0.5
2015_1209_1385,0.5
2015_1209_1400,0.5
2015_1209_1411,0.5
2015_1209_1412,0.5
2015_1209_1414,0.5
2015_1209_1417,0.5
2015_1209_1428,0.5
2015_1209_1433,0.5
2015_1209_1434,0.5
2015_1209_1437,0.5
2015_1209_1438,0.5
2015_1209_1452,0.5
2015_1209_1455,0.5
2015_1209_1458,0.5
2015_1209_1459,0.5
2015_1209_1461,0.5
2015_1209_1462,0.5
2015_1211_1214,0.5
2015_1211_1217,0.5
2015_1211_1231,0.5
2015_1211_1234,0.5
2015_1211_1235,0.5
2015_1211_1242,0.5
2015_1211_1246,0.5
2015_1211_1248,0.5
2015_1211_1257,0.5
2015_1211_1261,0.5
2015_1211_1264,0.5
2015_1211_1268,0.5
2015_1211_1277,0.5
2015_1211_1279,0.5
2015_1211_1295,0.5
2015_1211_1301,0.5
2015_1211_1308,0.5
2015_1211_1314,0.5
2015_1211_1316,0.5
2015_1211_1318,0.5
2015_1211_1320,0.5
2015_1211_1323,0.5
2015_1211_1326,0.5
2015_1211_1328,0.5
2015_1211_1329,0.5
2015_1211_1332,0.5
2015_1211_1344,0.5
2015_1211_1345,0.5
2015_1211_1352,0.5
2015_1211_1361,0.5
2015_1211_1372,0.5
2015_1211_1374,0.5
2015_1211_1385,0.5
2015_1211_1400,0.5
2015_1211_1411,0.5
2015_1211_1412,0.5
2015_1211_1414,0.5
2015_1211_1417,0.5
2015_1211_1428,0.5
2015_1211_1433,0.5
2015_1211_1434,0.5
2015_1211_1437,0.5
2015_1211_1438,0.5
2015_1211_1452,0.5
2015_1211_1455,0.5
2015_1211_1458,0.5
2015_1211_1459,0.5
2015_1211_1461,0.5
2015_1211_1462,0.5
2015_1214_1217,0.5
2015_1214_1231,0.5
2015_1214_1234,0.5
2015_1214_1235,0.5
2015_1214_1242,0.5
2015_1214_1246,0.5
2015_1214_1248,0.5
2015_1214_1257,0.5
2015_1214_1261,0.5
2015_1214_1264,0.5
2015_1214_1268,0.5
2015_1214_1277,0.5
2015_1214_1279,0.5
2015_1214_1295,0.5
2015_1214_1301,0.5
2015_1214_1308,0.5
2015_1214_1314,0.5
2015_1214_1316,0.5
2015_1214_1318,0.5
2015_1214_1320,0.5
2015_1214_1323,0.5
2015_1214_1326,0.5
2015_1214_1328,0.5
2015_1214_1329,0.5
2015_1214_1332,0.5
2015_1214_1344,0.5
2015_1214_1345,0.5
2015_1214_1352,0.5
2015_1214_1361,0.5
2015_1214_1372,0.5
2015_1214_1374,0.5
2015_1214_1385,0.5
2015_1214_1400,0.5
2015_1214_1411,0.5
2015_1214_1412,0.5
2015_1214_1414,0.5
2015_1214_1417,0.5
2015_1214_1428,0.5
2015_1214_1433,0.5
2015_1214_1434,0.5
2015_1214_1437,0.5
2015_1214_1438,0.5
2015_1214_1452,0.5
2015_1214_1455,0.5
2015_1214_1458,0.5
2015_1214_1459,0.5
2015_1214_1461,0.5
2015_1214_1462,0.5
2015_1217_1231,0.5
2015_1217_1234,0.5
2015_1217_1235,0.5
2015_1217_1242,0.5
2015_1217_1246,0.5
2015_1217_1248,0.5
2015_1217_1257,0.5
2015_1217_1261,0.5
2015_1217_1264,0.5
2015_1217_1268,0.5
2015_1217_1277,0.5
2015_1217_1279,0.5
2015_1217_1295,0.5
2015_1217_1301,0.5
2015_1217_1308,0.5
2015_1217_1314,0.5
2015_1217_1316,0.5
2015_1217_1318,0.5
2015_1217_1320,0.5
2015_1217_1323,0.5
2015_1217_1326,0.5
2015_1217_1328,0.5
2015_1217_1329,0.5
2015_1217_1332,0.5
2015_1217_1344,0.5
2015_1217_1345,0.5
2015_1217_1352,0.5
2015_1217_1361,0.5
2015_1217_1372,0.5
2015_1217_1374,0.5
2015_1217_1385,0.5
2015_1217_1400,0.5
2015_1217_1411,0.5
2015_1217_1412,0.5
2015_1217_1414,0.5
2015_1217_1417,0.5
2015_1217_1428,0.5
2015_1217_1433,0.5
2015_1217_1434,0.5
2015_1217_1437,0.5
2015_1217_1438,0.5
2015_1217_1452,0.5
2015_1217_1455,0.5
2015_1217_1458,0.5
2015_1217_1459,0.5
2015_1217_1461,0.5
2015_1217_1462,0.5
2015_1231_1234,0.5
2015_1231_1235,0.5
2015_1231_1242,0.5
2015_1231_1246,0.5
2015_1231_1248,0.5
2015_1231_1257,0.5
2015_1231_1261,0.5
2015_1231_1264,0.5
2015_1231_1268,0.5
2015_1231_1277,0.5
2015_1231_1279,0.5
2015_1231_1295,0.5
2015_1231_1301,0.5
2015_1231_1308,0.5
2015_1231_1314,0.5
2015_1231_1316,0.5
2015_1231_1318,0.5
2015_1231_1320,0.5
2015_1231_1323,0.5
2015_1231_1326,0.5
2015_1231_1328,0.5
2015_1231_1329,0.5
2015_1231_1332,0.5
2015_1231_1344,0.5
2015_1231_1345,0.5
2015_1231_1352,0.5
2015_1231_1361,0.5
2015_1231_1372,0.5
2015_1231_1374,0.5
2015_1231_1385,0.5
2015_1231_1400,0.5
2015_1231_1411,0.5
2015_1231_1412,0.5
2015_1231_1414,0.5
2015_1231_1417,0.5
2015_1231_1428,0.5
2015_1231_1433,0.5
2015_1231_1434,0.5
2015_1231_1437,0.5
2015_1231_1438,0.5
2015_1231_1452,0.5
2015_1231_1455,0.5
2015_1231_1458,0.5
2015_1231_1459,0.5
2015_1231_1461,0.5
2015_1231_1462,0.5
2015_1234_1235,0.5
2015_1234_1242,0.5
2015_1234_1246,0.5
2015_1234_1248,0.5
2015_1234_1257,0.5
2015_1234_1261,0.5
2015_1234_1264,0.5
2015_1234_1268,0.5
2015_1234_1277,0.5
2015_1234_1279,0.5
2015_1234_1295,0.5
2015_1234_1301,0.5
2015_1234_1308,0.5
2015_1234_1314,0.5
2015_1234_1316,0.5
2015_1234_1318,0.5
2015_1234_1320,0.5
2015_1234_1323,0.5
2015_1234_1326,0.5
2015_1234_1328,0.5
2015_1234_1329,0.5
2015_1234_1332,0.5
2015_1234_1344,0.5
2015_1234_1345,0.5
2015_1234_1352,0.5
2015_1234_1361,0.5
2015_1234_1372,0.5
2015_1234_1374,0.5
2015_1234_1385,0.5
2015_1234_1400,0.5
2015_1234_1411,0.5
2015_1234_1412,0.5
2015_1234_1414,0.5
2015_1234_1417,0.5
2015_1234_1428,0.5
2015_1234_1433,0.5
2015_1234_1434,0.5
2015_1234_1437,0.5
2015_1234_1438,0.5
2015_1234_1452,0.5
2015_1234_1455,0.5
2015_1234_1458,0.5
2015_1234_1459,0.5
2015_1234_1461,0.5
2015_1234_1462,0.5
2015_1235_1242,0.5
2015_1235_1246,0.5
2015_1235_1248,0.5
2015_1235_1257,0.5
2015_1235_1261,0.5
2015_1235_1264,0.5
2015_1235_1268,0.5
2015_1235_1277,0.5
2015_1235_1279,0.5
2015_1235_1295,0.5
2015_1235_1301,0.5
2015_1235_1308,0.5
2015_1235_1314,0.5
2015_1235_1316,0.5
2015_1235_1318,0.5
2015_1235_1320,0.5
2015_1235_1323,0.5
2015_1235_1326,0.5
2015_1235_1328,0.5
2015_1235_1329,0.5
2015_1235_1332,0.5
2015_1235_1344,0.5
2015_1235_1345,0.5
2015_1235_1352,0.5
2015_1235_1361,0.5
2015_1235_1372,0.5
2015_1235_1374,0.5
2015_1235_1385,0.5
2015_1235_1400,0.5
2015_1235_1411,0.5
2015_1235_1412,0.5
2015_1235_1414,0.5
2015_1235_1417,0.5
2015_1235_1428,0.5
2015_1235_1433,0.5
2015_1235_1434,0.5
2015_1235_1437,0.5
2015_1235_1438,0.5
2015_1235_1452,0.5
2015_1235_1455,0.5
2015_1235_1458,0.5
2015_1235_1459,0.5
2015_1235_1461,0.5
2015_1235_1462,0.5
2015_1242_1246,0.5
2015_1242_1248,0.5
2015_1242_1257,0.5
2015_1242_1261,0.5
2015_1242_1264,0.5
2015_1242_1268,0.5
2015_1242_1277,0.5
2015_1242_1279,0.5
2015_1242_1295,0.5
2015_1242_1301,0.5
2015_1242_1308,0.5
2015_1242_1314,0.5
2015_1242_1316,0.5
2015_1242_1318,0.5
2015_1242_1320,0.5
2015_1242_1323,0.5
2015_1242_1326,0.5
2015_1242_1328,0.5
2015_1242_1329,0.5
2015_1242_1332,0.5
2015_1242_1344,0.5
2015_1242_1345,0.5
2015_1242_1352,0.5
2015_1242_1361,0.5
2015_1242_1372,0.5
2015_1242_1374,0.5
2015_1242_1385,0.5
2015_1242_1400,0.5
2015_1242_1411,0.5
2015_1242_1412,0.5
2015_1242_1414,0.5
2015_1242_1417,0.5
2015_1242_1428,0.5
2015_1242_1433,0.5
2015_1242_1434,0.5
2015_1242_1437,0.5
2015_1242_1438,0.5
2015_1242_1452,0.5
2015_1242_1455,0.5
2015_1242_1458,0.5
2015_1242_1459,0.5
2015_1242_1461,0.5
2015_1242_1462,0.5
2015_1246_1248,0.5
2015_1246_1257,0.5
2015_1246_1261,0.5
2015_1246_1264,0.5
2015_1246_1268,0.5
2015_1246_1277,0.5
2015_1246_1279,0.5
2015_1246_1295,0.5
2015_1246_1301,0.5
2015_1246_1308,0.5
2015_1246_1314,0.5
2015_1246_1316,0.5
2015_1246_1318,0.5
2015_1246_1320,0.5
2015_1246_1323,0.5
2015_1246_1326,0.5
2015_1246_1328,0.5
2015_1246_1329,0.5
2015_1246_1332,0.5
2015_1246_1344,0.5
2015_1246_1345,0.5
2015_1246_1352,0.5
2015_1246_1361,0.5
2015_1246_1372,0.5
2015_1246_1374,0.5
2015_1246_1385,0.5
2015_1246_1400,0.5
2015_1246_1411,0.5
2015_1246_1412,0.5
2015_1246_1414,0.5
2015_1246_1417,0.5
2015_1246_1428,0.5
2015_1246_1433,0.5
2015_1246_1434,0.5
2015_1246_1437,0.5
2015_1246_1438,0.5
2015_1246_1452,0.5
2015_1246_1455,0.5
2015_1246_1458,0.5
2015_1246_1459,0.5
2015_1246_1461,0.5
2015_1246_1462,0.5
2015_1248_1257,0.5
2015_1248_1261,0.5
2015_1248_1264,0.5
2015_1248_1268,0.5
2015_1248_1277,0.5
2015_1248_1279,0.5
2015_1248_1295,0.5
2015_1248_1301,0.5
2015_1248_1308,0.5
2015_1248_1314,0.5
2015_1248_1316,0.5
2015_1248_1318,0.5
2015_1248_1320,0.5
2015_1248_1323,0.5
2015_1248_1326,0.5
2015_1248_1328,0.5
2015_1248_1329,0.5
2015_1248_1332,0.5
2015_1248_1344,0.5
2015_1248_1345,0.5
2015_1248_1352,0.5
2015_1248_1361,0.5
2015_1248_1372,0.5
2015_1248_1374,0.5
2015_1248_1385,0.5
2015_1248_1400,0.5
2015_1248_1411,0.5
2015_1248_1412,0.5
2015_1248_1414,0.5
2015_1248_1417,0.5
2015_1248_1428,0.5
2015_1248_1433,0.5
2015_1248_1434,0.5
2015_1248_1437,0.5
2015_1248_1438,0.5
2015_1248_1452,0.5
2015_1248_1455,0.5
2015_1248_1458,0.5
2015_1248_1459,0.5
2015_1248_1461,0.5
2015_1248_1462,0.5
2015_1257_1261,0.5
2015_1257_1264,0.5
2015_1257_1268,0.5
2015_1257_1277,0.5
2015_1257_1279,0.5
2015_1257_1295,0.5
2015_1257_1301,0.5
2015_1257_1308,0.5
2015_1257_1314,0.5
2015_1257_1316,0.5
2015_1257_1318,0.5
2015_1257_1320,0.5
2015_1257_1323,0.5
2015_1257_1326,0.5
2015_1257_1328,0.5
2015_1257_1329,0.5
2015_1257_1332,0.5
2015_1257_1344,0.5
2015_1257_1345,0.5
2015_1257_1352,0.5
2015_1257_1361,0.5
2015_1257_1372,0.5
2015_1257_1374,0.5
2015_1257_1385,0.5
2015_1257_1400,0.5
2015_1257_1411,0.5
2015_1257_1412,0.5
2015_1257_1414,0.5
2015_1257_1417,0.5
2015_1257_1428,0.5
2015_1257_1433,0.5
2015_1257_1434,0.5
2015_1257_1437,0.5
2015_1257_1438,0.5
2015_1257_1452,0.5
2015_1257_1455,0.5
2015_1257_1458,0.5
2015_1257_1459,0.5
2015_1257_1461,0.5
2015_1257_1462,0.5
2015_1261_1264,0.5
2015_1261_1268,0.5
2015_1261_1277,0.5
2015_1261_1279,0.5
2015_1261_1295,0.5
2015_1261_1301,0.5
2015_1261_1308,0.5
2015_1261_1314,0.5
2015_1261_1316,0.5
2015_1261_1318,0.5
2015_1261_1320,0.5
2015_1261_1323,0.5
2015_1261_1326,0.5
2015_1261_1328,0.5
2015_1261_1329,0.5
2015_1261_1332,0.5
2015_1261_1344,0.5
2015_1261_1345,0.5
2015_1261_1352,0.5
2015_1261_1361,0.5
2015_1261_1372,0.5
2015_1261_1374,0.5
2015_1261_1385,0.5
2015_1261_1400,0.5
2015_1261_1411,0.5
2015_1261_1412,0.5
2015_1261_1414,0.5
2015_1261_1417,0.5
2015_1261_1428,0.5
2015_1261_1433,0.5
2015_1261_1434,0.5
2015_1261_1437,0.5
2015_1261_1438,0.5
2015_1261_1452,0.5
2015_1261_1455,0.5
2015_1261_1458,0.5
2015_1261_1459,0.5
2015_1261_1461,0.5
2015_1261_1462,0.5
2015_1264_1268,0.5
2015_1264_1277,0.5
2015_1264_1279,0.5
2015_1264_1295,0.5
2015_1264_1301,0.5
2015_1264_1308,0.5
2015_1264_1314,0.5
2015_1264_1316,0.5
2015_1264_1318,0.5
2015_1264_1320,0.5
2015_1264_1323,0.5
2015_1264_1326,0.5
2015_1264_1328,0.5
2015_1264_1329,0.5
2015_1264_1332,0.5
2015_1264_1344,0.5
2015_1264_1345,0.5
2015_1264_1352,0.5
2015_1264_1361,0.5
2015_1264_1372,0.5
2015_1264_1374,0.5
2015_1264_1385,0.5
2015_1264_1400,0.5
2015_1264_1411,0.5
2015_1264_1412,0.5
2015_1264_1414,0.5
2015_1264_1417,0.5
2015_1264_1428,0.5
2015_1264_1433,0.5
2015_1264_1434,0.5
2015_1264_1437,0.5
2015_1264_1438,0.5
2015_1264_1452,0.5
2015_1264_1455,0.5
2015_1264_1458,0.5
2015_1264_1459,0.5
2015_1264_1461,0.5
2015_1264_1462,0.5
2015_1268_1277,0.5
2015_1268_1279,0.5
2015_1268_1295,0.5
2015_1268_1301,0.5
2015_1268_1308,0.5
2015_1268_1314,0.5
2015_1268_1316,0.5
2015_1268_1318,0.5
2015_1268_1320,0.5
2015_1268_1323,0.5
2015_1268_1326,0.5
2015_1268_1328,0.5
2015_1268_1329,0.5
2015_1268_1332,0.5
2015_1268_1344,0.5
2015_1268_1345,0.5
2015_1268_1352,0.5
2015_1268_1361,0.5
2015_1268_1372,0.5
2015_1268_1374,0.5
2015_1268_1385,0.5
2015_1268_1400,0.5
2015_1268_1411,0.5
2015_1268_1412,0.5
2015_1268_1414,0.5
2015_1268_1417,0.5
2015_1268_1428,0.5
2015_1268_1433,0.5
2015_1268_1434,0.5
2015_1268_1437,0.5
2015_1268_1438,0.5
2015_1268_1452,0.5
2015_1268_1455,0.5
2015_1268_1458,0.5
2015_1268_1459,0.5
2015_1268_1461,0.5
2015_1268_1462,0.5
2015_1277_1279,0.5
2015_1277_1295,0.5
2015_1277_1301,0.5
2015_1277_1308,0.5
2015_1277_1314,0.5
2015_1277_1316,0.5
2015_1277_1318,0.5
2015_1277_1320,0.5
2015_1277_1323,0.5
2015_1277_1326,0.5
2015_1277_1328,0.5
2015_1277_1329,0.5
2015_1277_1332,0.5
2015_1277_1344,0.5
2015_1277_1345,0.5
2015_1277_1352,0.5
2015_1277_1361,0.5
2015_1277_1372,0.5
2015_1277_1374,0.5
2015_1277_1385,0.5
2015_1277_1400,0.5
2015_1277_1411,0.5
2015_1277_1412,0.5
2015_1277_1414,0.5
2015_1277_1417,0.5
2015_1277_1428,0.5
2015_1277_1433,0.5
2015_1277_1434,0.5
2015_1277_1437,0.5
2015_1277_1438,0.5
2015_1277_1452,0.5
2015_1277_1455,0.5
2015_1277_1458,0.5
2015_1277_1459,0.5
2015_1277_1461,0.5
2015_1277_1462,0.5
2015_1279_1295,0.5
2015_1279_1301,0.5
2015_1279_1308,0.5
2015_1279_1314,0.5
2015_1279_1316,0.5
2015_1279_1318,0.5
2015_1279_1320,0.5
2015_1279_1323,0.5
2015_1279_1326,0.5
2015_1279_1328,0.5
2015_1279_1329,0.5
2015_1279_1332,0.5
2015_1279_1344,0.5
2015_1279_1345,0.5
2015_1279_1352,0.5
2015_1279_1361,0.5
2015_1279_1372,0.5
2015_1279_1374,0.5
2015_1279_1385,0.5
2015_1279_1400,0.5
2015_1279_1411,0.5
2015_1279_1412,0.5
2015_1279_1414,0.5
2015_1279_1417,0.5
2015_1279_1428,0.5
2015_1279_1433,0.5
2015_1279_1434,0.5
2015_1279_1437,0.5
2015_1279_1438,0.5
2015_1279_1452,0.5
2015_1279_1455,0.5
2015_1279_1458,0.5
2015_1279_1459,0.5
2015_1279_1461,0.5
2015_1279_1462,0.5
2015_1295_1301,0.5
2015_1295_1308,0.5
2015_1295_1314,0.5
2015_1295_1316,0.5
2015_1295_1318,0.5
2015_1295_1320,0.5
2015_1295_1323,0.5
2015_1295_1326,0.5
2015_1295_1328,0.5
2015_1295_1329,0.5
2015_1295_1332,0.5
2015_1295_1344,0.5
2015_1295_1345,0.5
2015_1295_1352,0.5
2015_1295_1361,0.5
2015_1295_1372,0.5
2015_1295_1374,0.5
2015_1295_1385,0.5
2015_1295_1400,0.5
2015_1295_1411,0.5
2015_1295_1412,0.5
2015_1295_1414,0.5
2015_1295_1417,0.5
2015_1295_1428,0.5
2015_1295_1433,0.5
2015_1295_1434,0.5
2015_1295_1437,0.5
2015_1295_1438,0.5
2015_1295_1452,0.5
2015_1295_1455,0.5
2015_1295_1458,0.5
2015_1295_1459,0.5
2015_1295_1461,0.5
2015_1295_1462,0.5
2015_1301_1308,0.5
2015_1301_1314,0.5
2015_1301_1316,0.5
2015_1301_1318,0.5
2015_1301_1320,0.5
2015_1301_1323,0.5
2015_1301_1326,0.5
2015_1301_1328,0.5
2015_1301_1329,0.5
2015_1301_1332,0.5
2015_1301_1344,0.5
2015_1301_1345,0.5
2015_1301_1352,0.5
2015_1301_1361,0.5
2015_1301_1372,0.5
2015_1301_1374,0.5
2015_1301_1385,0.5
2015_1301_1400,0.5
2015_1301_1411,0.5
2015_1301_1412,0.5
2015_1301_1414,0.5
2015_1301_1417,0.5
2015_1301_1428,0.5
2015_1301_1433,0.5
2015_1301_1434,0.5
2015_1301_1437,0.5
2015_1301_1438,0.5
2015_1301_1452,0.5
2015_1301_1455,0.5
2015_1301_1458,0.5
2015_1301_1459,0.5
2015_1301_1461,0.5
2015_1301_1462,0.5
2015_1308_1314,0.5
2015_1308_1316,0.5
2015_1308_1318,0.5
2015_1308_1320,0.5
2015_1308_1323,0.5
2015_1308_1326,0.5
2015_1308_1328,0.5
2015_1308_1329,0.5
2015_1308_1332,0.5
2015_1308_1344,0.5
2015_1308_1345,0.5
2015_1308_1352,0.5
2015_1308_1361,0.5
2015_1308_1372,0.5
2015_1308_1374,0.5
2015_1308_1385,0.5
2015_1308_1400,0.5
2015_1308_1411,0.5
2015_1308_1412,0.5
2015_1308_1414,0.5
2015_1308_1417,0.5
2015_1308_1428,0.5
2015_1308_1433,0.5
2015_1308_1434,0.5
2015_1308_1437,0.5
2015_1308_1438,0.5
2015_1308_1452,0.5
2015_1308_1455,0.5
2015_1308_1458,0.5
2015_1308_1459,0.5
2015_1308_1461,0.5
2015_1308_1462,0.5
2015_1314_1316,0.5
2015_1314_1318,0.5
2015_1314_1320,0.5
2015_1314_1323,0.5
2015_1314_1326,0.5
2015_1314_1328,0.5
2015_1314_1329,0.5
2015_1314_1332,0.5
2015_1314_1344,0.5
2015_1314_1345,0.5
2015_1314_1352,0.5
2015_1314_1361,0.5
2015_1314_1372,0.5
2015_1314_1374,0.5
2015_1314_1385,0.5
2015_1314_1400,0.5
2015_1314_1411,0.5
2015_1314_1412,0.5
2015_1314_1414,0.5
2015_1314_1417,0.5
2015_1314_1428,0.5
2015_1314_1433,0.5
2015_1314_1434,0.5
2015_1314_1437,0.5
2015_1314_1438,0.5
2015_1314_1452,0.5
2015_1314_1455,0.5
2015_1314_1458,0.5
2015_1314_1459,0.5
2015_1314_1461,0.5
2015_1314_1462,0.5
2015_1316_1318,0.5
2015_1316_1320,0.5
2015_1316_1323,0.5
2015_1316_1326,0.5
2015_1316_1328,0.5
2015_1316_1329,0.5
2015_1316_1332,0.5
2015_1316_1344,0.5
2015_1316_1345,0.5
2015_1316_1352,0.5
2015_1316_1361,0.5
2015_1316_1372,0.5
2015_1316_1374,0.5
2015_1316_1385,0.5
2015_1316_1400,0.5
2015_1316_1411,0.5
2015_1316_1412,0.5
2015_1316_1414,0.5
2015_1316_1417,0.5
2015_1316_1428,0.5
2015_1316_1433,0.5
2015_1316_1434,0.5
2015_1316_1437,0.5
2015_1316_1438,0.5
2015_1316_1452,0.5
2015_1316_1455,0.5
2015_1316_1458,0.5
2015_1316_1459,0.5
2015_1316_1461,0.5
2015_1316_1462,0.5
2015_1318_1320,0.5
2015_1318_1323,0.5
2015_1318_1326,0.5
2015_1318_1328,0.5
2015_1318_1329,0.5
2015_1318_1332,0.5
2015_1318_1344,0.5
2015_1318_1345,0.5
2015_1318_1352,0.5
2015_1318_1361,0.5
2015_1318_1372,0.5
2015_1318_1374,0.5
2015_1318_1385,0.5
2015_1318_1400,0.5
2015_1318_1411,0.5
2015_1318_1412,0.5
2015_1318_1414,0.5
2015_1318_1417,0.5
2015_1318_1428,0.5
2015_1318_1433,0.5
2015_1318_1434,0.5
2015_1318_1437,0.5
2015_1318_1438,0.5
2015_1318_1452,0.5
2015_1318_1455,0.5
2015_1318_1458,0.5
2015_1318_1459,0.5
2015_1318_1461,0.5
2015_1318_1462,0.5
2015_1320_1323,0.5
2015_1320_1326,0.5
2015_1320_1328,0.5
2015_1320_1329,0.5
2015_1320_1332,0.5
2015_1320_1344,0.5
2015_1320_1345,0.5
2015_1320_1352,0.5
2015_1320_1361,0.5
2015_1320_1372,0.5
2015_1320_1374,0.5
2015_1320_1385,0.5
2015_1320_1400,0.5
2015_1320_1411,0.5
2015_1320_1412,0.5
2015_1320_1414,0.5
2015_1320_1417,0.5
2015_1320_1428,0.5
2015_1320_1433,0.5
2015_1320_1434,0.5
2015_1320_1437,0.5
2015_1320_1438,0.5
2015_1320_1452,0.5
2015_1320_1455,0.5
2015_1320_1458,0.5
2015_1320_1459,0.5
2015_1320_1461,0.5
2015_1320_1462,0.5
2015_1323_1326,0.5
2015_1323_1328,0.5
2015_1323_1329,0.5
2015_1323_1332,0.5
2015_1323_1344,0.5
2015_1323_1345,0.5
2015_1323_1352,0.5
2015_1323_1361,0.5
2015_1323_1372,0.5
2015_1323_1374,0.5
2015_1323_1385,0.5
2015_1323_1400,0.5
2015_1323_1411,0.5
2015_1323_1412,0.5
2015_1323_1414,0.5
2015_1323_1417,0.5
2015_1323_1428,0.5
2015_1323_1433,0.5
2015_1323_1434,0.5
2015_1323_1437,0.5
2015_1323_1438,0.5
2015_1323_1452,0.5
2015_1323_1455,0.5
2015_1323_1458,0.5
2015_1323_1459,0.5
2015_1323_1461,0.5
2015_1323_1462,0.5
2015_1326_1328,0.5
2015_1326_1329,0.5
2015_1326_1332,0.5
2015_1326_1344,0.5
2015_1326_1345,0.5
2015_1326_1352,0.5
2015_1326_1361,0.5
2015_1326_1372,0.5
2015_1326_1374,0.5
2015_1326_1385,0.5
2015_1326_1400,0.5
2015_1326_1411,0.5
2015_1326_1412,0.5
2015_1326_1414,0.5
2015_1326_1417,0.5
2015_1326_1428,0.5
2015_1326_1433,0.5
2015_1326_1434,0.5
2015_1326_1437,0.5
2015_1326_1438,0.5
2015_1326_1452,0.5
2015_1326_1455,0.5
2015_1326_1458,0.5
2015_1326_1459,0.5
2015_1326_1461,0.5
2015_1326_1462,0.5
2015_1328_1329,0.5
2015_1328_1332,0.5
2015_1328_1344,0.5
2015_1328_1345,0.5
2015_1328_1352,0.5
2015_1328_1361,0.5
2015_1328_1372,0.5
2015_1328_1374,0.5
2015_1328_1385,0.5
2015_1328_1400,0.5
2015_1328_1411,0.5
2015_1328_1412,0.5
2015_1328_1414,0.5
2015_1328_1417,0.5
2015_1328_1428,0.5
2015_1328_1433,0.5
2015_1328_1434,0.5
2015_1328_1437,0.5
2015_1328_1438,0.5
2015_1328_1452,0.5
2015_1328_1455,0.5
2015_1328_1458,0.5
2015_1328_1459,0.5
2015_1328_1461,0.5
2015_1328_1462,0.5
2015_1329_1332,0.5
2015_1329_1344,0.5
2015_1329_1345,0.5
2015_1329_1352,0.5
2015_1329_1361,0.5
2015_1329_1372,0.5
2015_1329_1374,0.5
2015_1329_1385,0.5
2015_1329_1400,0.5
2015_1329_1411,0.5
2015_1329_1412,0.5
2015_1329_1414,0.5
2015_1329_1417,0.5
2015_1329_1428,0.5
2015_1329_1433,0.5
2015_1329_1434,0.5
2015_1329_1437,0.5
2015_1329_1438,0.5
2015_1329_1452,0.5
2015_1329_1455,0.5
2015_1329_1458,0.5
2015_1329_1459,0.5
2015_1329_1461,0.5
2015_1329_1462,0.5
2015_1332_1344,0.5
2015_1332_1345,0.5
2015_1332_1352,0.5
2015_1332_1361,0.5
2015_1332_1372,0.5
2015_1332_1374,0.5
2015_1332_1385,0.5
2015_1332_1400,0.5
2015_1332_1411,0.5
2015_1332_1412,0.5
2015_1332_1414,0.5
2015_1332_1417,0.5
2015_1332_1428,0.5
2015_1332_1433,0.5
2015_1332_1434,0.5
2015_1332_1437,0.5
2015_1332_1438,0.5
2015_1332_1452,0.5
2015_1332_1455,0.5
2015_1332_1458,0.5
2015_1332_1459,0.5
2015_1332_1461,0.5
2015_1332_1462,0.5
2015_1344_1345,0.5
2015_1344_1352,0.5
2015_1344_1361,0.5
2015_1344_1372,0.5
2015_1344_1374,0.5
2015_1344_1385,0.5
2015_1344_1400,0.5
2015_1344_1411,0.5
2015_1344_1412,0.5
2015_1344_1414,0.5
2015_1344_1417,0.5
2015_1344_1428,0.5
2015_1344_1433,0.5
2015_1344_1434,0.5
2015_1344_1437,0.5
2015_1344_1438,0.5
2015_1344_1452,0.5
2015_1344_1455,0.5
2015_1344_1458,0.5
2015_1344_1459,0.5
2015_1344_1461,0.5
2015_1344_1462,0.5
2015_1345_1352,0.5
2015_1345_1361,0.5
2015_1345_1372,0.5
2015_1345_1374,0.5
2015_1345_1385,0.5
2015_1345_1400,0.5
2015_1345_1411,0.5
2015_1345_1412,0.5
2015_1345_1414,0.5
2015_1345_1417,0.5
2015_1345_1428,0.5
2015_1345_1433,0.5
2015_1345_1434,0.5
2015_1345_1437,0.5
2015_1345_1438,0.5
2015_1345_1452,0.5
2015_1345_1455,0.5
2015_1345_1458,0.5
2015_1345_1459,0.5
2015_1345_1461,0.5
2015_1345_1462,0.5
2015_1352_1361,0.5
2015_1352_1372,0.5
2015_1352_1374,0.5
2015_1352_1385,0.5
2015_1352_1400,0.5
2015_1352_1411,0.5
2015_1352_1412,0.5
2015_1352_1414,0.5
2015_1352_1417,0.5
2015_1352_1428,0.5
2015_1352_1433,0.5
2015_1352_1434,0.5
2015_1352_1437,0.5
2015_1352_1438,0.5
2015_1352_1452,0.5
2015_1352_1455,0.5
2015_1352_1458,0.5
2015_1352_1459,0.5
2015_1352_1461,0.5
2015_1352_1462,0.5
2015_1361_1372,0.5
2015_1361_1374,0.5
2015_1361_1385,0.5
2015_1361_1400,0.5
2015_1361_1411,0.5
2015_1361_1412,0.5
2015_1361_1414,0.5
2015_1361_1417,0.5
2015_1361_1428,0.5
2015_1361_1433,0.5
2015_1361_1434,0.5
2015_1361_1437,0.5
2015_1361_1438,0.5
2015_1361_1452,0.5
2015_1361_1455,0.5
2015_1361_1458,0.5
2015_1361_1459,0.5
2015_1361_1461,0.5
2015_1361_1462,0.5
2015_1372_1374,0.5
2015_1372_1385,0.5
2015_1372_1400,0.5
2015_1372_1411,0.5
2015_1372_1412,0.5
2015_1372_1414,0.5
2015_1372_1417,0.5
2015_1372_1428,0.5
2015_1372_1433,0.5
2015_1372_1434,0.5
2015_1372_1437,0.5
2015_1372_1438,0.5
2015_1372_1452,0.5
2015_1372_1455,0.5
2015_1372_1458,0.5
2015_1372_1459,0.5
2015_1372_1461,0.5
2015_1372_1462,0.5
2015_1374_1385,0.5
2015_1374_1400,0.5
2015_1374_1411,0.5
2015_1374_1412,0.5
2015_1374_1414,0.5
2015_1374_1417,0.5
2015_1374_1428,0.5
2015_1374_1433,0.5
2015_1374_1434,0.5
2015_1374_1437,0.5
2015_1374_1438,0.5
2015_1374_1452,0.5
2015_1374_1455,0.5
2015_1374_1458,0.5
2015_1374_1459,0.5
2015_1374_1461,0.5
2015_1374_1462,0.5
2015_1385_1400,0.5
2015_1385_1411,0.5
2015_1385_1412,0.5
2015_1385_1414,0.5
2015_1385_1417,0.5
2015_1385_1428,0.5
2015_1385_1433,0.5
2015_1385_1434,0.5
2015_1385_1437,0.5
2015_1385_1438,0.5
2015_1385_1452,0.5
2015_1385_1455,0.5
2015_1385_1458,0.5
2015_1385_1459,0.5
2015_1385_1461,0.5
2015_1385_1462,0.5
2015_1400_1411,0.5
2015_1400_1412,0.5
2015_1400_1414,0.5
2015_1400_1417,0.5
2015_1400_1428,0.5
2015_1400_1433,0.5
2015_1400_1434,0.5
2015_1400_1437,0.5
2015_1400_1438,0.5
2015_1400_1452,0.5
2015_1400_1455,0.5
2015_1400_1458,0.5
2015_1400_1459,0.5
2015_1400_1461,0.5
2015_1400_1462,0.5
2015_1411_1412,0.5
2015_1411_1414,0.5
2015_1411_1417,0.5
2015_1411_1428,0.5
2015_1411_1433,0.5
2015_1411_1434,0.5
2015_1411_1437,0.5
2015_1411_1438,0.5
2015_1411_1452,0.5
2015_1411_1455,0.5
2015_1411_1458,0.5
2015_1411_1459,0.5
2015_1411_1461,0.5
2015_1411_1462,0.5
2015_1412_1414,0.5
2015_1412_1417,0.5
2015_1412_1428,0.5
2015_1412_1433,0.5
2015_1412_1434,0.5
2015_1412_1437,0.5
2015_1412_1438,0.5
2015_1412_1452,0.5
2015_1412_1455,0.5
2015_1412_1458,0.5
2015_1412_1459,0.5
2015_1412_1461,0.5
2015_1412_1462,0.5
2015_1414_1417,0.5
2015_1414_1428,0.5
2015_1414_1433,0.5
2015_1414_1434,0.5
2015_1414_1437,0.5
2015_1414_1438,0.5
2015_1414_1452,0.5
2015_1414_1455,0.5
2015_1414_1458,0.5
2015_1414_1459,0.5
2015_1414_1461,0.5
2015_1414_1462,0.5
2015_1417_1428,0.5
2015_1417_1433,0.5
2015_1417_1434,0.5
2015_1417_1437,0.5
2015_1417_1438,0.5
2015_1417_1452,0.5
2015_1417_1455,0.5
2015_1417_1458,0.5
2015_1417_1459,0.5
2015_1417_1461,0.5
2015_1417_1462,0.5
2015_1428_1433,0.5
2015_1428_1434,0.5
2015_1428_1437,0.5
2015_1428_1438,0.5
2015_1428_1452,0.5
2015_1428_1455,0.5
2015_1428_1458,0.5
2015_1428_1459,0.5
2015_1428_1461,0.5
2015_1428_1462,0.5
2015_1433_1434,0.5
2015_1433_1437,0.5
2015_1433_1438,0.5
2015_1433_1452,0.5
2015_1433_1455,0.5
2015_1433_1458,0.5
2015_1433_1459,0.5
2015_1433_1461,0.5
2015_1433_1462,0.5
2015_1434_1437,0.5
2015_1434_1438,0.5
2015_1434_1452,0.5
2015_1434_1455,0.5
2015_1434_1458,0.5
2015_1434_1459,0.5
2015_1434_1461,0.5
2015_1434_1462,0.5
2015_1437_1438,0.5
2015_1437_1452,0.5
2015_1437_1455,0.5
2015_1437_1458,0.5
2015_1437_1459,0.5
2015_1437_1461,0.5
2015_1437_1462,0.5
2015_1438_1452,0.5
2015_1438_1455,0.5
2015_1438_1458,0.5
2015_1438_1459,0.5
2015_1438_1461,0.5
2015_1438_1462,0.5
2015_1452_1455,0.5
2015_1452_1458,0.5
2015_1452_1459,0.5
2015_1452_1461,0.5
2015_1452_1462,0.5
2015_1455_1458,0.5
2015_1455_1459,0.5
2015_1455_1461,0.5
2015_1455_1462,0.5
2015_1458_1459,0.5
2015_1458_1461,0.5
2015_1458_1462,0.5
2015_1459_1461,0.5
2015_1459_1462,0.5
2015_1461_1462,0.5