Season,DayNum,WTeamID,WScore,LTeamID,LScore,WLoc,NumOT
1998,137,3104,94,3422,46,H,0
1998,137,3112,75,3365,63,H,0
1998,137,3163,93,3193,52,H,0
1998,137,3198,59,3266,45,H,0
1998,137,3203,74,3208,72,A,0
1998,137,3234,77,3269,59,H,0
1998,137,3242,72,3408,68,H,0
1998,137,3301,89,3263,64,H,0
1998,137,3304,76,3307,59,N,0
1998,137,3314,91,3224,71,H,0
1998,137,3323,78,3283,64,A,0
1998,137,3330,92,3384,39,H,0
1998,137,3403,87,3212,75,H,0
1998,137,3417,65,3276,58,H,0
1998,137,3438,77,3374,68,H,0
1998,137,3464,91,3272,80,A,0
1998,138,3116,76,3218,70,A,0
1998,138,3155,60,3274,49,H,0
1998,138,3161,81,3179,75,A,0
1998,138,3181,92,3292,67,H,0
1998,138,3196,85,3285,64,H,0
1998,138,3217,71,3390,67,A,0
1998,138,3228,82,3453,58,H,0
1998,138,3235,79,3245,76,H,0
1998,138,3256,86,3221,58,H,0
1998,138,3257,69,3428,61,A,0
1998,138,3345,88,3449,71,H,0
1998,138,3353,79,3332,76,H,0
1998,138,3364,76,3435,71,A,0
1998,138,3397,102,3251,58,H,0
1998,138,3439,75,3458,64,A,0
1998,138,3443,88,3372,76,H,0
1998,139,3104,75,3417,74,H,0
1998,139,3112,94,3438,77,H,0
1998,139,3163,75,3203,67,H,0
1998,139,3242,62,3234,58,A,0
1998,139,3301,88,3464,61,H,0
1998,139,3314,85,3198,72,H,0
1998,139,3323,74,3403,59,A,0
1998,139,3330,75,3304,60,H,0
1998,140,3116,82,3217,64,H,0
1998,140,3181,69,3257,53,H,0
1998,140,3196,89,3439,57,H,0
1998,140,3228,69,3364,65,H,0
1998,140,3256,74,3155,52,H,0
1998,140,3345,77,3161,63,H,0
1998,140,3353,62,3235,61,A,0
1998,140,3397,82,3443,62,H,0
1998,145,3116,79,3242,63,A,0
1998,145,3163,74,3112,57,H,0
1998,145,3181,71,3196,58,H,0
1998,145,3256,71,3104,57,A,0
1998,145,3301,55,3330,54,A,0
1998,145,3314,80,3228,74,H,0
1998,145,3345,70,3323,65,H,0
1998,145,3397,92,3353,60,H,0
1998,147,3116,77,3181,72,A,0
1998,147,3256,72,3345,65,H,0
1998,147,3301,60,3163,52,A,0
1998,147,3397,76,3314,70,H,0
1998,151,3256,84,3301,65,H,0
1998,151,3397,86,3116,58,H,0
1998,153,3397,93,3256,75,H,0
1999,137,3104,80,3212,68,N,0
1999,137,3112,87,3196,84,N,0
1999,137,3155,76,3197,45,H,0
1999,137,3161,71,3169,59,H,0
1999,137,3163,97,3384,46,H,0
1999,137,3228,69,3257,67,N,0
1999,137,3235,74,3365,61,H,0
1999,137,3256,90,3416,48,H,0
1999,137,3263,60,3390,58,N,0
1999,137,3283,72,3364,70,N,0
1999,137,3314,64,3318,55,H,0
1999,137,3330,74,3399,48,H,0
1999,137,3332,65,3153,56,N,0
1999,137,3336,82,3438,69,N,0
1999,137,3353,84,3171,70,H,0
1999,137,3462,85,3198,71,N,0
1999,138,3120,69,3400,61,N,0
1999,138,3130,72,3326,59,N,0
1999,138,3181,79,3221,51,H,0
1999,138,3208,73,3251,52,H,0
1999,138,3242,64,3266,58,N,0
1999,138,3246,98,3304,92,N,0
1999,138,3261,78,3191,69,H,0
1999,138,3301,76,3280,57,N,0
1999,138,3323,61,3388,57,N,0
1999,138,3345,68,3331,48,H,0
1999,138,3374,91,3405,76,N,0
1999,138,3386,83,3408,72,N,0
1999,138,3397,113,3111,54,H,0
1999,138,3403,80,3372,54,H,0
1999,138,3417,76,3453,69,H,0
1999,138,3439,73,3389,48,H,0
1999,139,3155,63,3228,51,H,0
1999,139,3161,86,3283,70,H,0
1999,139,3163,86,3462,84,H,0
1999,139,3235,85,3332,70,H,0
1999,139,3256,79,3336,62,H,0
1999,139,3314,70,3104,56,H,0
1999,139,3330,72,3263,62,H,0
1999,139,3353,90,3112,47,H,0
1999,140,3181,66,3386,60,H,0
1999,140,3208,68,3374,55,H,0
1999,140,3261,74,3323,64,H,0
1999,140,3345,55,3242,41,H,0
1999,140,3397,89,3130,62,H,0
1999,140,3403,85,3301,78,H,0
1999,140,3417,87,3246,63,H,0
1999,140,3439,76,3120,61,H,0
1999,145,3181,76,3330,63,N,0
1999,145,3208,67,3155,54,N,0
1999,145,3235,64,3163,58,N,0
1999,145,3256,73,3261,52,N,0
1999,145,3345,82,3314,59,N,0
1999,145,3353,53,3403,42,N,0
1999,145,3397,68,3439,52,N,0
1999,145,3417,77,3161,68,N,0
1999,147,3181,69,3397,63,N,0
1999,147,3208,89,3235,71,N,0
1999,147,3256,88,3417,62,N,0
1999,147,3345,75,3353,62,N,0
1999,151,3181,81,3208,69,N,0
1999,151,3345,77,3256,63,N,0
1999,153,3345,62,3181,45,N,0
2000,137,3120,78,3283,74,H,0
2000,137,3130,93,3304,76,H,0
2000,137,3155,64,3179,50,A,0
2000,137,3163,116,3214,45,H,0
2000,137,3203,79,3417,72,H,0
2000,137,3228,73,3428,58,H,0
2000,137,3235,92,3384,63,H,0
2000,137,3261,77,3251,54,H,0
2000,137,3280,94,3389,60,H,0
2000,137,3323,87,3360,61,H,0
2000,137,3336,83,3464,63,H,0
2000,137,3353,91,3221,70,H,0
2000,137,3372,73,3462,72,A,0
2000,137,3386,69,3400,48,A,0
2000,137,3412,80,3332,79,A,0
2000,137,3438,74,3337,62,H,0
2000,138,3112,73,3245,61,H,0
2000,138,3181,71,3144,42,H,0
2000,138,3208,74,3285,46,H,0
2000,138,3256,95,3108,53,H,0
2000,138,3314,62,3263,57,H,0
2000,138,3328,86,3140,81,H,0
2000,138,3330,94,3453,85,H,0
2000,138,3345,70,3171,66,H,0
2000,138,3349,67,3364,64,A,0
2000,138,3374,64,3301,63,A,0
2000,138,3390,81,3276,74,A,0
2000,138,3397,90,3202,38,H,0
2000,138,3403,83,3399,54,H,0
2000,138,3408,65,3436,60,H,0
2000,138,3435,71,3242,69,A,0
2000,138,3443,68,3266,65,A,0
2000,139,3163,83,3155,45,H,0
2000,139,3235,79,3228,68,H,0
2000,139,3261,57,3372,45,H,0
2000,139,3323,95,3203,60,H,0
2000,139,3336,75,3120,69,H,0
2000,139,3353,59,3386,39,H,0
2000,139,3412,78,3280,72,A,0
2000,139,3438,74,3130,70,H,0
2000,140,3181,90,3443,70,H,0
2000,140,3208,83,3390,64,H,0
2000,140,3256,66,3435,65,H,0
2000,140,3314,83,3349,50,H,0
2000,140,3328,76,3345,74,A,0
2000,140,3330,96,3374,76,H,0
2000,140,3397,75,3112,60,H,0
2000,140,3403,76,3408,59,H,0
2000,145,3163,102,3328,80,N,0
2000,145,3208,83,3314,57,N,0
2000,145,3256,86,3330,74,N,0
2000,145,3261,79,3181,66,N,0
2000,145,3336,66,3235,65,N,0
2000,145,3353,60,3412,45,N,0
2000,145,3397,77,3438,56,N,0
2000,145,3403,69,3323,65,N,0
2000,147,3163,86,3261,71,N,0
2000,147,3336,86,3256,65,N,0
2000,147,3353,59,3208,51,N,0
2000,147,3397,57,3403,44,N,0
2000,151,3163,89,3336,67,N,0
2000,151,3397,64,3353,54,N,0
2000,153,3163,71,3397,52,N,0
2001,137,3155,51,3151,49,H,0
2001,137,3196,84,3221,52,H,0
2001,137,3199,72,3408,70,H,0
2001,137,3208,77,3251,48,H,0
2001,137,3235,100,3224,61,H,0
2001,137,3261,83,3113,66,H,0
2001,137,3281,71,3458,68,A,0
2001,137,3301,76,3174,57,H,0
2001,137,3345,75,3364,62,H,0
2001,137,3388,68,3400,64,A,0
2001,137,3397,80,3122,38,H,0
2001,137,3403,100,3335,57,H,0
2001,137,3437,66,3179,58,H,0
2001,137,3439,77,3176,57,H,0
2001,137,3449,67,3330,65,H,0
2001,137,3462,80,3257,52,H,0
2001,138,3116,68,3124,59,A,0
2001,138,3160,98,3373,78,H,0
2001,138,3161,83,3268,69,A,0
2001,138,3163,101,3254,29,H,0
2001,138,3181,96,3454,63,H,0
2001,138,3234,89,3332,82,H,0
2001,138,3256,84,3209,48,H,0
2001,138,3276,81,3438,71,H,0
2001,138,3283,89,3405,71,H,0
2001,138,3323,98,3108,49,H,0
2001,138,3328,70,3331,64,H,0
2001,138,3353,80,3372,43,H,0
2001,138,3390,76,3203,51,A,0
2001,138,3395,77,3336,75,A,0
2001,138,3428,79,3193,57,H,0
2001,138,3435,83,3226,57,H,0
2001,139,3235,85,3199,70,H,0
2001,139,3281,78,3208,65,A,0
2001,139,3301,68,3437,64,H,0
2001,139,3345,73,3261,70,H,0
2001,139,3397,92,3388,75,H,0
2001,139,3403,73,3439,52,H,0
2001,139,3449,86,3196,75,A,0
2001,139,3462,77,3155,62,H,0
2001,140,3163,89,3161,44,H,0
2001,140,3181,75,3116,54,H,0
2001,140,3256,80,3395,59,H,0
2001,140,3283,60,3353,53,A,0
2001,140,3323,88,3276,54,H,0
2001,140,3328,67,3390,50,H,0
2001,140,3428,78,3234,69,A,0
2001,140,3435,65,3160,59,H,0
2001,145,3163,72,3301,58,H,0
2001,145,3256,78,3281,67,H,0
2001,145,3283,81,3181,71,A,0
2001,145,3323,69,3428,54,H,0
2001,145,3345,74,3403,72,A,0
2001,145,3435,84,3235,65,A,0
2001,145,3449,84,3328,67,A,0
2001,145,3462,80,3397,65,A,0
2001,147,3163,67,3256,48,H,0
2001,147,3283,104,3449,87,H,0
2001,147,3323,72,3435,64,H,0
2001,147,3345,88,3462,78,H,0
2001,151,3323,90,3163,75,H,0
2001,151,3345,81,3283,64,H,0
2001,153,3323,68,3345,66,H,0
2002,137,3116,78,3155,68,H,0
2002,137,3124,80,3137,56,H,0
2002,137,3160,88,3380,61,H,0
2002,137,3179,87,3393,69,H,0
2002,137,3181,95,3313,48,H,0
2002,137,3198,73,3166,58,H,0
2002,137,3243,93,3245,65,H,0
2002,137,3261,84,3365,78,H,0
2002,137,3280,65,3130,59,A,0
2002,137,3323,58,3307,44,H,0
2002,137,3336,82,3151,67,H,0
2002,137,3364,57,3256,56,A,0
2002,137,3395,55,3231,45,H,0
2002,137,3397,98,3209,68,H,0
2002,137,3400,60,3453,55,H,0
2002,137,3403,84,3372,63,H,0
2002,138,3113,73,3458,70,A,0
2002,138,3140,90,3196,52,A,0
2002,138,3153,76,3389,63,H,0
2002,138,3163,86,3384,37,H,0
2002,138,3234,69,3438,62,A,0
2002,138,3235,72,3396,57,H,0
2002,138,3278,71,3424,54,H,0
2002,138,3314,85,3217,58,H,0
2002,138,3328,84,3216,52,H,0
2002,138,3330,68,3208,54,H,0
2002,138,3345,80,3122,49,H,0
2002,138,3376,69,3251,61,H,0
2002,138,3390,76,3451,51,H,0
2002,138,3408,73,3161,69,A,0
2002,138,3435,63,3324,38,H,0
2002,138,3437,67,3337,46,A,0
2002,139,3160,69,3261,58,H,0
2002,139,3179,76,3124,72,A,0
2002,139,3181,76,3395,66,H,0
2002,139,3243,82,3116,68,H,0
2002,139,3336,96,3198,79,H,0
2002,139,3397,89,3323,50,H,0
2002,139,3400,76,3364,60,H,0
2002,139,3403,77,3280,55,H,0
2002,140,3140,75,3235,69,A,0
2002,140,3163,86,3234,48,H,0
2002,140,3314,72,3278,69,H,0
2002,140,3328,66,3437,53,H,0
2002,140,3330,74,3345,70,A,0
2002,140,3376,75,3153,56,H,0
2002,140,3390,77,3408,55,H,0
2002,140,3435,61,3113,35,H,0
2002,145,3160,62,3390,59,N,0
2002,145,3163,82,3336,64,N,0
2002,145,3181,62,3400,46,N,0
2002,145,3328,72,3403,62,N,0
2002,145,3330,88,3243,62,N,0
2002,145,3376,79,3179,65,N,0
2002,145,3397,68,3140,57,N,0
2002,145,3435,70,3314,61,N,0
2002,147,3163,85,3330,64,N,0
2002,147,3181,77,3376,68,N,0
2002,147,3328,94,3160,60,N,0
2002,147,3397,68,3435,63,N,0
2002,151,3163,79,3397,56,N,0
2002,151,3328,86,3181,71,N,0
2002,153,3163,82,3328,70,N,0
2003,138,3130,73,3330,72,A,0
2003,138,3160,84,3140,45,H,0
2003,138,3208,80,3150,61,H,0
2003,138,3261,86,3402,50,N,0
2003,138,3278,68,3408,48,N,0
2003,138,3280,73,3264,47,N,0
2003,138,3307,91,3274,85,H,0
2003,138,3314,72,3122,70,N,0
2003,138,3345,66,3434,51,H,0
2003,138,3353,64,3443,52,N,0
2003,138,3390,82,3444,66,H,0
2003,138,3397,95,3106,43,H,0
2003,138,3435,54,3251,44,N,0
2003,138,3438,72,3228,56,N,0
2003,138,3439,61,3210,59,N,0
2003,138,3453,78,3449,65,N,0
2003,139,3116,71,3153,57,A,0
2003,139,3163,91,3131,44,H,0
2003,139,3181,66,3209,48,N,0
2003,139,3203,71,3328,61,A,0
2003,139,3243,79,3217,69,H,0
2003,139,3256,94,3337,60,H,0
2003,139,3323,59,3112,47,N,0
2003,139,3326,66,3451,44,N,0
2003,139,3336,64,3221,33,H,0
2003,139,3364,71,3462,62,N,0
2003,139,3376,68,3151,54,N,0
2003,139,3395,50,3277,47,N,0
2003,139,3400,90,3214,46,N,0
2003,139,3403,67,3283,59,H,0
2003,139,3428,73,3177,64,N,0
2003,139,3437,51,3384,36,N,0
2003,140,3130,86,3435,85,N,0
2003,140,3160,86,3314,67,H,0
2003,140,3208,74,3353,64,H,0
2003,140,3261,80,3453,69,N,0
2003,140,3278,68,3390,56,A,0
2003,140,3307,73,3280,61,H,0
2003,140,3345,80,3439,62,H,0
2003,140,3397,81,3438,51,H,0
2003,141,3163,81,3395,66,H,0
2003,141,3181,65,3428,54,N,0
2003,141,3256,74,3326,61,A,0
2003,141,3323,59,3243,53,A,0
2003,141,3336,77,3376,67,H,0
2003,141,3400,67,3116,50,N,0
2003,141,3403,72,3364,68,H,0
2003,141,3437,70,3203,57,N,0
2003,145,3181,66,3208,63,N,0
2003,145,3397,86,3336,58,H,0
2003,145,3403,71,3307,48,A,0
2003,145,3437,53,3160,51,N,0
2003,146,3163,70,3130,49,N,0
2003,146,3261,69,3256,63,N,0
2003,146,3345,66,3323,47,N,0
2003,146,3400,73,3278,60,N,0
2003,147,3181,57,3403,51,N,0
2003,147,3397,73,3437,49,H,0
2003,148,3163,73,3345,64,N,0
2003,148,3400,78,3261,60,N,0
2003,153,3163,71,3400,69,N,0
2003,153,3397,66,3181,56,N,0
2003,155,3163,73,3397,68,N,0
2004,138,3124,71,3258,60,N,0
2004,138,3130,58,3185,56,N,0
2004,138,3151,74,3353,69,H,0
2004,138,3177,83,3203,46,N,0
2004,138,3196,68,3307,56,A,0
2004,138,3208,78,3251,53,N,0
2004,138,3222,62,3453,47,N,0
2004,138,3256,81,3285,77,A,0
2004,138,3326,73,3452,67,H,0
2004,138,3328,58,3265,45,N,0
2004,138,3364,76,3160,49,H,0
2004,138,3390,68,3281,44,N,0
2004,138,3395,70,3396,57,A,0
2004,138,3397,77,3159,54,N,0
2004,138,3403,60,3263,50,N,0
2004,138,3435,76,3252,45,N,0
2004,139,3120,79,3301,59,N,0
2004,139,3163,91,3335,55,N,0
2004,139,3181,103,3322,51,H,0
2004,139,3243,71,3434,63,N,0
2004,139,3261,83,3122,66,H,0
2004,139,3266,67,3330,64,N,0
2004,139,3268,86,3274,85,N,0
2004,139,3277,72,3112,60,N,0
2004,139,3278,92,3417,81,H,0
2004,139,3292,67,3314,62,N,0
2004,139,3323,69,3283,65,H,0
2004,139,3336,79,3214,42,N,0
2004,139,3345,78,3384,59,N,0
2004,139,3400,92,3380,57,H,0
2004,139,3437,66,3279,63,N,0
2004,139,3439,89,3234,76,H,0
2004,140,3124,91,3196,76,N,0
2004,140,3130,63,3326,48,A,0
2004,140,3208,85,3395,71,N,0
2004,140,3256,81,3403,64,N,0
2004,140,3364,56,3222,52,H,0
2004,140,3390,68,3328,43,N,0
2004,140,3397,79,3177,59,N,0
2004,140,3435,60,3151,44,A,0
2004,141,3163,79,3120,53,N,0
2004,141,3181,76,3266,67,H,0
2004,141,3261,76,3268,61,H,0
2004,141,3278,80,3243,61,H,0
2004,141,3323,59,3292,46,H,0
2004,141,3336,61,3439,48,A,0
2004,141,3345,60,3437,42,N,0
2004,141,3400,80,3277,61,H,0
2004,145,3163,63,3364,55,N,0
2004,145,3208,66,3345,64,N,0
2004,145,3261,71,3400,55,N,0
2004,145,3336,55,3323,49,N,0
2004,146,3181,63,3256,49,N,0
2004,146,3278,76,3130,63,N,0
2004,146,3390,57,3435,55,N,0
2004,146,3397,71,3124,69,N,0
2004,147,3163,66,3336,49,N,0
2004,147,3261,62,3208,60,N,0
2004,148,3278,82,3181,75,N,0
2004,148,3397,62,3390,60,N,0
2004,153,3163,67,3278,58,N,0
2004,153,3397,52,3261,50,N,0
2004,155,3163,70,3397,61,N,0
2005,138,3113,87,3184,65,H,0
2005,138,3124,91,3229,70,H,0
2005,138,3208,75,3349,49,H,0
2005,138,3243,70,3132,60,H,0
2005,138,3277,73,3108,41,H,0
2005,138,3278,64,3384,33,H,0
2005,138,3292,60,3301,58,A,0
2005,138,3323,61,3364,51,H,0
2005,138,3332,58,3395,55,A,0
2005,138,3390,94,3365,57,H,0
2005,138,3400,64,3331,47,H,0
2005,138,3403,69,3426,49,H,0
2005,138,3425,65,3257,49,H,0
2005,138,3428,73,3235,61,A,0
2005,138,3435,67,3285,44,H,0
2005,138,3438,79,3330,57,H,0
2005,139,3112,72,3328,69,A,0
2005,139,3130,65,3222,43,H,0
2005,139,3163,95,3171,47,H,0
2005,139,3177,79,3439,78,H,0
2005,139,3181,80,3145,48,H,0
2005,139,3199,87,3350,54,H,0
2005,139,3203,60,3279,57,A,0
2005,139,3251,78,3336,70,A,0
2005,139,3261,70,3391,36,H,0
2005,139,3268,65,3453,55,H,0
2005,139,3314,97,3164,62,H,0
2005,139,3326,86,3221,45,H,0
2005,139,3345,68,3307,56,A,0
2005,139,3353,62,3216,37,H,0
2005,139,3396,66,3256,61,H,0
2005,139,3397,94,3441,43,H,0
2005,140,3113,70,3323,61,A,0
2005,140,3124,69,3332,46,H,0
2005,140,3208,70,3400,68,A,0
2005,140,3277,61,3425,59,H,0
2005,140,3278,73,3438,58,H,0
2005,140,3390,88,3428,62,N,0
2005,140,3403,80,3292,69,H,0
2005,140,3435,63,3243,60,N,0
2005,141,3163,70,3199,52,H,0
2005,141,3181,70,3130,65,H,0
2005,141,3251,88,3177,79,A,0
2005,141,3261,76,3112,43,H,0
2005,141,3314,71,3203,47,H,0
2005,141,3326,75,3268,65,H,0
2005,141,3353,61,3396,54,H,0
2005,141,3397,75,3345,54,H,0
2005,145,3124,64,3278,57,N,0
2005,145,3181,63,3208,57,N,0
2005,145,3261,90,3251,48,N,0
2005,145,3314,79,3113,72,N,0
2005,146,3277,76,3435,64,N,0
2005,146,3353,64,3326,58,N,0
2005,146,3390,76,3163,59,N,0
2005,146,3397,75,3403,59,N,0
2005,147,3124,72,3314,63,N,0
2005,147,3261,59,3181,49,N,0
2005,148,3277,76,3390,69,N,0
2005,148,3397,59,3353,49,N,0
2005,153,3124,68,3261,57,N,0
2005,153,3277,68,3397,64,N,0
2005,155,3124,84,3277,62,N,0
2006,138,3113,80,3372,61,N,0
2006,138,3124,74,3319,56,N,0
2006,138,3140,67,3234,62,N,0
2006,138,3177,68,3251,43,H,0
2006,138,3199,80,3256,71,N,0
2006,138,3246,69,3151,59,N,0
2006,138,3261,72,3194,48,N,0
2006,138,3277,65,3454,46,N,0
2006,138,3307,83,3196,59,N,0
2006,138,3314,75,3415,51,N,0
2006,138,3328,78,3337,66,N,0
2006,138,3390,72,3369,45,N,0
2006,138,3409,71,3301,61,N,0
2006,138,3428,76,3292,71,N,0
2006,138,3435,76,3257,64,H,0
2006,138,3449,73,3278,69,N,0
2006,139,3130,78,3323,61,N,0
2006,139,3163,77,3164,54,N,0
2006,139,3181,96,3380,27,N,0
2006,139,3203,87,3330,72,A,0
2006,139,3208,75,3265,60,N,0
2006,139,3216,64,3396,58,N,0
2006,139,3268,95,3357,54,N,0
2006,139,3326,68,3324,45,N,0
2006,139,3345,73,3283,52,H,0
2006,139,3353,63,3171,58,H,0
2006,139,3385,78,3143,68,N,0
2006,139,3395,69,3401,65,N,0
2006,139,3397,102,3119,54,N,0
2006,139,3417,74,3132,61,N,0
2006,139,3425,67,3378,65,N,0
2006,139,3439,82,3281,51,N,0
2006,140,3124,87,3307,67,N,0
2006,140,3177,71,3409,67,H,0
2006,140,3261,72,3449,49,N,0
2006,140,3277,67,3246,63,N,0
2006,140,3314,89,3435,70,A,0
2006,140,3328,86,3140,70,N,0
2006,140,3390,88,3199,70,N,0
2006,140,3428,86,3113,65,N,0
2006,141,3130,79,3326,69,N,0
2006,141,3163,79,3439,56,N,0
2006,141,3181,85,3425,51,N,0
2006,141,3208,73,3216,54,N,0
2006,141,3268,81,3385,74,N,0
2006,141,3345,61,3417,54,H,0
2006,141,3353,82,3395,48,H,0
2006,141,3397,66,3203,53,N,0
2006,145,3261,66,3177,56,H,0
2006,145,3268,82,3124,63,H,0
2006,145,3390,88,3328,74,A,0
2006,145,3428,57,3130,54,H,0
2006,146,3163,77,3208,75,H,0
2006,146,3181,86,3277,61,H,0
2006,146,3314,70,3345,68,H,0
2006,146,3397,76,3353,69,H,0
2006,147,3261,62,3390,59,N,0
2006,147,3268,75,3428,65,N,1
2006,148,3181,63,3163,61,N,1
2006,148,3314,75,3397,63,N,0
2006,153,3181,64,3261,45,N,0
2006,153,3268,81,3314,70,N,0
2006,155,3268,78,3181,75,N,1
2007,138,3113,57,3415,50,H,0
2007,138,3199,85,3330,75,A,0
2007,138,3203,76,3129,67,H,0
2007,138,3208,53,3125,36,H,0
2007,138,3210,55,3177,54,H,0
2007,138,3235,79,3449,60,H,0
2007,138,3257,80,3140,54,H,0
2007,138,3261,77,3421,39,H,0
2007,138,3265,67,3326,63,A,0
2007,138,3266,87,3418,58,H,0
2007,138,3292,85,3211,46,H,0
2007,138,3328,74,3369,60,H,0
2007,138,3345,63,3331,42,H,0
2007,138,3390,96,3226,58,H,0
2007,138,3401,58,3426,50,H,0
2007,138,3452,65,3462,52,A,0
2007,139,3124,68,3151,55,H,0
2007,139,3132,70,3329,66,H,0
2007,139,3163,82,3420,33,H,0
2007,139,3181,81,3221,44,H,0
2007,139,3268,89,3217,65,H,0
2007,139,3277,69,3174,58,H,0
2007,139,3279,88,3395,74,H,0
2007,139,3301,84,3352,52,H,0
2007,139,3314,95,3341,38,H,0
2007,139,3323,62,3143,59,A,0
2007,139,3338,71,3241,61,H,0
2007,139,3353,77,3187,34,H,0
2007,139,3396,64,3304,61,H,0
2007,139,3397,76,3179,37,H,0
2007,139,3435,62,3175,47,H,0
2007,139,3453,59,3307,52,A,0
2007,140,3113,67,3257,58,H,0
2007,140,3199,68,3390,61,A,0
2007,140,3203,59,3401,47,A,0
2007,140,3208,76,3235,56,H,0
2007,140,3261,49,3452,43,H,0
2007,140,3265,73,3292,59,A,0
2007,140,3328,78,3266,47,H,0
2007,140,3345,76,3210,63,H,0
2007,141,3132,59,3435,56,A,0
2007,141,3163,94,3453,70,H,0
2007,141,3181,62,3396,52,H,0
2007,141,3279,89,3268,78,A,0
2007,141,3301,78,3124,72,H,1
2007,141,3314,60,3323,51,H,0
2007,141,3353,70,3277,57,A,0
2007,141,3397,68,3338,54,A,0
2007,145,3113,67,3132,49,N,0
2007,145,3163,78,3301,71,N,0
2007,145,3261,55,3199,43,N,0
2007,145,3353,53,3181,52,N,0
2007,146,3279,90,3328,82,N,0
2007,146,3314,70,3203,56,N,0
2007,146,3345,78,3208,65,N,0
2007,146,3397,65,3265,46,N,0
2007,147,3261,73,3163,50,N,0
2007,147,3353,64,3113,45,N,0
2007,148,3314,84,3345,72,N,0
2007,148,3397,98,3279,62,N,0
2007,153,3353,59,3261,35,N,0
2007,153,3397,56,3314,50,N,0
2007,155,3397,59,3353,46,N,0
2008,138,3124,88,3201,67,N,0
2008,138,3143,77,3360,60,H,0
2008,138,3199,60,3326,49,N,0
2008,138,3203,66,3120,56,N,0
2008,138,3216,59,3393,55,N,0
2008,138,3235,58,3210,55,N,0
2008,138,3261,66,3238,32,H,0
2008,138,3265,76,3177,57,N,0
2008,138,3329,85,3190,73,N,0
2008,138,3338,63,3461,58,N,0
2008,138,3353,85,3352,42,N,0
2008,138,3390,85,3156,47,H,0
2008,138,3401,91,3427,52,N,0
2008,138,3431,92,3443,60,N,0
2008,138,3435,75,3285,47,N,0
2008,138,3452,61,3307,60,A,0
2008,139,3113,61,3396,54,N,0
2008,139,3163,89,3165,47,H,0
2008,139,3181,78,3293,57,N,0
2008,139,3208,67,3234,61,N,0
2008,139,3243,69,3151,59,N,0
2008,139,3257,81,3275,67,N,0
2008,139,3268,80,3164,66,H,0
2008,139,3304,61,3462,58,N,0
2008,139,3314,85,3137,50,N,0
2008,139,3323,75,3374,62,H,0
2008,139,3328,69,3229,61,N,0
2008,139,3330,82,3251,62,H,0
2008,139,3345,66,3428,59,H,0
2008,139,3397,94,3331,55,N,0
2008,139,3400,72,3278,55,N,0
2008,139,3438,86,3364,52,H,0
2008,140,3203,55,3143,53,A,0
2008,140,3261,68,3265,49,H,0
2008,140,3329,73,3199,72,N,1
2008,140,3338,67,3124,59,N,0
2008,140,3353,69,3235,58,N,0
2008,140,3390,88,3431,54,H,0
2008,140,3401,63,3216,39,N,0
2008,140,3435,64,3452,46,N,0
2008,141,3163,89,3400,55,N,0
2008,141,3181,67,3113,59,N,0
2008,141,3257,80,3243,63,N,0
2008,141,3268,76,3304,64,N,0
2008,141,3314,80,3208,66,N,0
2008,141,3323,79,3328,75,N,1
2008,141,3330,88,3438,85,H,1
2008,141,3397,78,3345,52,A,0
2008,145,3261,67,3329,52,H,0
2008,145,3268,80,3435,66,N,0
2008,145,3314,78,3257,74,N,0
2008,145,3390,72,3338,53,N,0
2008,146,3163,78,3330,63,N,0
2008,146,3353,53,3203,42,N,0
2008,146,3397,74,3323,64,N,0
2008,146,3401,77,3181,63,N,0
2008,147,3261,56,3314,50,N,0
2008,147,3390,98,3268,87,N,0
2008,148,3163,66,3353,56,N,0
2008,148,3397,53,3401,45,N,0
2008,153,3390,82,3163,73,N,0
2008,153,3397,47,3261,46,N,0
2008,155,3397,64,3390,48,N,0
2009,138,3113,58,3208,47,N,0
2009,138,3120,85,3250,49,N,0
2009,138,3143,70,3201,47,H,0
2009,138,3199,83,3299,71,N,0
2009,138,3211,74,3462,59,N,0
2009,138,3243,68,3180,44,N,0
2009,138,3280,71,3400,63,N,0
2009,138,3314,85,3416,80,N,0
2009,138,3326,77,3357,63,H,0
2009,138,3338,64,3285,35,N,0
2009,138,3345,65,3150,52,N,0
2009,138,3353,57,3433,51,H,0
2009,138,3361,76,3177,70,H,0
2009,138,3390,74,3364,39,H,0
2009,138,3435,73,3441,44,N,0
2009,138,3438,68,3265,61,N,0
2009,139,3123,71,3397,55,N,0
2009,139,3124,87,3427,82,H,1
2009,139,3163,104,3436,65,H,0
2009,139,3181,83,3122,42,N,0
2009,139,3196,70,3396,57,N,0
2009,139,3210,76,3234,62,A,0
2009,139,3235,85,3190,53,N,0
2009,139,3257,62,3251,42,N,0
2009,139,3261,69,3453,59,H,0
2009,139,3268,82,3171,53,H,0
2009,139,3277,60,3292,59,H,0
2009,139,3278,79,3323,71,A,0
2009,139,3328,76,3341,47,N,0
2009,139,3355,90,3395,55,N,0
2009,139,3401,80,3191,45,N,0
2009,139,3428,60,3437,30,N,0
2009,140,3113,63,3199,58,N,0
2009,140,3143,99,3438,73,H,0
2009,140,3326,64,3280,58,H,0
2009,140,3338,65,3211,60,N,0
2009,140,3345,85,3314,70,N,0
2009,140,3353,80,3120,52,H,0
2009,140,3390,77,3361,49,A,0
2009,140,3435,74,3243,61,N,0
2009,141,3124,60,3355,58,H,0
2009,141,3163,87,3196,59,H,0
2009,141,3235,71,3123,57,N,0
2009,141,3257,62,3261,52,A,0
2009,141,3268,71,3428,56,H,0
2009,141,3277,63,3181,49,H,0
2009,141,3328,69,3210,50,N,0
2009,141,3401,73,3278,42,N,0
2009,145,3235,69,3277,68,N,0
2009,145,3257,56,3124,39,N,0
2009,145,3268,78,3435,74,N,0
2009,145,3390,84,3326,66,H,0
2009,146,3113,84,3401,69,N,0
2009,146,3163,77,3143,53,N,0
2009,146,3328,70,3338,59,H,0
2009,146,3345,67,3353,61,N,0
2009,147,3257,77,3268,60,N,0
2009,147,3390,74,3235,53,N,0
2009,148,3163,83,3113,64,N,0
2009,148,3328,74,3345,68,N,0
2009,153,3163,83,3390,64,N,0
2009,153,3257,61,3328,59,N,0
2009,155,3163,76,3257,54,N,0
2010,138,3124,69,3201,55,N,0
2010,138,3173,67,3395,66,N,0
2010,138,3181,72,3214,37,H,0
2010,138,3199,75,3256,61,H,0
2010,138,3207,62,3265,42,N,0
2010,138,3208,64,3408,59,N,0
2010,138,3211,82,3314,76,H,0
2010,138,3234,70,3353,63,N,0
2010,138,3246,83,3251,77,H,0
2010,138,3261,60,3216,39,N,0
2010,138,3277,72,3132,62,N,0
2010,138,3329,70,3151,63,N,0
2010,138,3385,65,3343,47,N,0
2010,138,3390,79,3415,47,H,0
2010,138,3397,75,3122,42,H,0
2010,138,3401,84,3340,53,N,0
2010,139,3114,63,3210,53,N,0
2010,139,3163,95,3380,39,N,0
2010,139,3235,79,3250,42,H,0
2010,139,3280,68,3292,64,N,0
2010,139,3304,83,3320,44,N,0
2010,139,3323,86,3156,58,H,0
2010,139,3326,93,3384,59,N,0
2010,139,3328,68,3355,57,H,0
2010,139,3361,74,3400,63,A,0
2010,139,3396,65,3241,53,N,0
2010,139,3417,74,3301,54,N,0
2010,139,3435,83,3177,76,N,1
2010,139,3436,64,3458,55,N,0
2010,139,3452,58,3249,43,N,0
2010,139,3453,69,3438,67,N,0
2010,139,3462,94,3190,82,H,0
2010,140,3124,49,3207,33,N,0
2010,140,3181,60,3261,52,H,0
2010,140,3199,66,3385,65,H,1
2010,140,3208,74,3329,71,N,1
2010,140,3211,72,3401,71,N,0
2010,140,3246,70,3277,52,H,0
2010,140,3390,96,3234,67,H,0
2010,140,3397,92,3173,64,H,0
2010,141,3163,90,3396,36,N,0
2010,141,3235,60,3453,56,H,0
2010,141,3280,87,3326,67,N,0
2010,141,3304,83,3417,70,N,0
2010,141,3323,84,3436,66,H,0
2010,141,3328,60,3114,44,H,0
2010,141,3361,64,3452,55,N,0
2010,141,3462,63,3435,62,H,0
2010,145,3124,77,3397,62,A,0
2010,145,3181,66,3361,58,N,0
2010,145,3390,73,3208,36,H,0
2010,145,3462,74,3211,56,N,0
2010,146,3163,74,3235,36,N,0
2010,146,3199,74,3280,71,N,0
2010,146,3246,76,3304,67,N,0
2010,146,3328,77,3323,72,N,1
2010,147,3124,51,3181,48,N,0
2010,147,3390,55,3462,53,H,0
2010,148,3163,90,3199,50,N,0
2010,148,3328,88,3246,68,N,0
2010,153,3163,70,3124,50,N,0
2010,153,3390,73,3328,66,N,0
2010,155,3163,53,3390,47,N,0
2011,138,3177,56,3298,43,N,0
2011,138,3181,90,3404,45,H,0
2011,138,3210,69,3132,58,N,0
2011,138,3211,92,3234,86,H,0
2011,138,3246,66,3214,62,N,1
2011,138,3265,74,3235,64,N,0
2011,138,3266,68,3400,65,N,0
2011,138,3314,82,3201,68,N,0
2011,138,3323,67,3428,54,A,0
2011,138,3326,80,3416,69,H,0
2011,138,3336,75,3173,66,H,0
2011,138,3385,55,3403,50,N,0
2011,138,3390,86,3413,59,H,0
2011,138,3396,63,3113,45,N,0
2011,138,3397,99,3391,34,H,0
2011,138,3417,55,3285,47,N,0
2011,139,3124,66,3341,30,H,0
2011,139,3163,75,3216,39,H,0
2011,139,3199,76,3359,46,N,0
2011,139,3207,65,3343,49,N,0
2011,139,3208,56,3292,41,N,0
2011,139,3257,81,3435,62,N,0
2011,139,3268,70,3384,48,H,0
2011,139,3274,80,3205,62,N,0
2011,139,3277,69,3320,66,N,0
2011,139,3328,86,3241,72,N,0
2011,139,3345,53,3243,45,N,0
2011,139,3353,76,3256,51,N,0
2011,139,3401,87,3270,47,N,0
2011,139,3452,79,3222,73,A,0
2011,139,3453,59,3114,55,N,0
2011,139,3462,72,3355,56,H,0
2011,140,3177,75,3336,73,A,0
2011,140,3181,71,3265,66,H,0
2011,140,3211,89,3417,75,H,0
2011,140,3314,86,3246,74,N,0
2011,140,3323,77,3396,64,N,0
2011,140,3326,67,3210,60,H,0
2011,140,3390,75,3385,49,H,0
2011,140,3397,79,3266,70,H,0
2011,141,3124,82,3452,68,H,0
2011,141,3163,64,3345,40,H,0
2011,141,3207,79,3268,57,A,0
2011,141,3208,61,3199,59,N,0
2011,141,3257,85,3462,75,A,0
2011,141,3328,88,3274,83,N,0
2011,141,3401,70,3353,48,N,0
2011,141,3453,65,3277,56,N,0
2011,145,3211,76,3257,69,N,0
2011,145,3323,78,3328,53,N,0
2011,145,3390,72,3314,65,N,0
2011,145,3397,85,3326,75,N,0
2011,146,3124,86,3453,76,H,0
2011,146,3163,68,3207,63,N,0
2011,146,3181,70,3177,63,N,0
2011,146,3401,79,3208,38,H,0
2011,147,3323,73,3397,59,N,0
2011,147,3390,83,3211,60,N,0
2011,148,3163,75,3181,40,N,0
2011,148,3401,58,3124,46,A,0
2011,153,3323,72,3163,63,N,0
2011,153,3401,63,3390,62,N,0
2011,155,3401,76,3323,70,N,0
2012,138,3116,72,3173,55,N,0
2012,138,3163,83,3341,47,H,0
2012,138,3177,59,3140,55,N,0
2012,138,3211,86,3353,73,H,0
2012,138,3243,67,3343,64,N,0
2012,138,3246,68,3270,62,N,0
2012,138,3257,67,3277,55,N,0
2012,138,3268,59,3298,44,H,0
2012,138,3274,70,3226,41,N,0
2012,138,3345,83,3355,68,H,0
2012,138,3376,80,3185,48,N,0
2012,138,3390,73,3214,51,N,0
2012,138,3397,72,3404,49,N,0
2012,138,3401,69,3107,47,H,0
2012,138,3452,68,3400,55,N,0
2012,138,3453,71,3235,57,A,0
2012,139,3124,81,3364,40,N,0
2012,139,3143,84,3234,74,N,0
2012,139,3174,73,3114,42,N,0
2012,139,3181,82,3359,47,N,0
2012,139,3196,70,3326,65,N,0
2012,139,3207,61,3201,56,N,0
2012,139,3210,76,3357,50,N,0
2012,139,3242,57,3304,49,N,0
2012,139,3261,64,3361,56,N,0
2012,139,3265,76,3208,70,N,0
2012,139,3323,74,3251,43,N,0
2012,139,3328,88,3276,67,N,0
2012,139,3336,85,3431,77,N,0
2012,139,3382,72,3195,65,N,1
2012,139,3385,69,3166,67,N,0
2012,139,3435,60,3292,46,N,0
2012,140,3163,72,3243,26,N,0
2012,140,3211,65,3274,54,N,0
2012,140,3246,65,3453,62,N,0
2012,140,3268,72,3257,68,N,0
2012,140,3376,72,3345,61,N,0
2012,140,3390,72,3452,55,N,0
2012,140,3397,63,3177,48,N,0
2012,140,3401,61,3116,59,N,0
2012,141,3124,76,3196,57,N,0
2012,141,3181,96,3435,80,N,0
2012,141,3210,76,3207,64,N,0
2012,141,3242,70,3174,64,N,0
2012,141,3323,73,3143,62,N,0
2012,141,3336,90,3261,80,N,0
2012,141,3382,66,3265,63,N,0
2012,141,3385,74,3328,70,N,0
2012,145,3124,83,3210,68,N,0
2012,145,3181,74,3385,47,N,0
2012,145,3390,76,3376,60,N,0
2012,145,3397,84,3242,73,N,0
2012,146,3163,77,3336,59,N,0
2012,146,3246,79,3211,62,N,0
2012,146,3268,81,3401,74,N,0
2012,146,3323,79,3382,35,N,0
2012,147,3124,77,3397,58,N,0
2012,147,3390,81,3181,69,N,0
2012,148,3163,80,3246,65,N,0
2012,148,3323,80,3268,49,N,0
2012,153,3124,59,3390,47,N,0
2012,153,3323,83,3163,75,N,1
2012,155,3124,80,3323,61,N,0
2013,138,3143,90,3201,76,N,0
2013,138,3163,105,3225,37,H,0
2013,138,3166,61,3393,56,N,0
2013,138,3208,70,3285,50,N,0
2013,138,3235,72,3211,60,N,0
2013,138,3242,67,3160,52,A,0
2013,138,3268,72,3346,52,H,0
2013,138,3277,55,3265,47,N,0
2013,138,3304,73,3151,59,N,0
2013,138,3328,78,3141,73,N,0
2013,138,3376,74,3355,52,N,0
2013,138,3378,71,3403,70,A,0
2013,138,3397,83,3331,62,H,0
2013,138,3401,71,3455,45,H,0
2013,138,3417,66,3391,49,N,0
2013,138,3435,60,3386,54,N,0
2013,139,3124,82,3341,40,H,0
2013,139,3173,96,3385,90,A,2
2013,139,3174,66,3452,53,H,0
2013,139,3181,67,3214,51,H,0
2013,139,3199,60,3343,44,N,0
2013,139,3234,69,3274,53,H,0
2013,139,3246,61,3298,41,N,0
2013,139,3257,74,3292,49,H,0
2013,139,3261,75,3453,71,H,0
2013,139,3276,60,3437,52,N,0
2013,139,3314,59,3107,54,N,0
2013,139,3323,97,3404,64,N,0
2013,139,3329,73,3177,56,N,0
2013,139,3336,85,3142,55,N,0
2013,139,3345,77,3251,43,N,0
2013,139,3390,72,3409,56,H,0
2013,140,3143,82,3378,78,N,1
2013,140,3163,77,3435,44,H,0
2013,140,3208,65,3235,60,N,0
2013,140,3242,75,3376,69,N,0
2013,140,3268,74,3277,49,H,0
2013,140,3304,74,3401,63,A,0
2013,140,3328,85,3417,72,N,0
2013,140,3397,68,3166,52,H,0
2013,141,3124,85,3199,47,H,0
2013,141,3174,78,3314,69,H,0
2013,141,3181,68,3329,59,H,0
2013,141,3246,84,3173,70,N,0
2013,141,3257,76,3345,63,H,0
2013,141,3261,71,3336,66,H,0
2013,141,3323,74,3234,57,A,0
2013,141,3390,73,3276,40,H,0
2013,145,3143,73,3261,63,N,0
2013,145,3163,76,3268,50,H,0
2013,145,3208,61,3390,59,N,0
2013,145,3246,69,3174,62,N,0
2013,146,3181,53,3304,45,N,0
2013,146,3257,82,3124,81,N,0
2013,146,3323,93,3242,63,N,0
2013,146,3397,74,3328,59,N,0
2013,147,3143,65,3208,62,N,1
2013,147,3163,83,3246,53,H,0
2013,148,3257,86,3397,78,N,0
2013,148,3323,87,3181,76,N,0
2013,153,3163,83,3323,65,N,0
2013,153,3257,64,3143,57,N,0
2013,155,3163,93,3257,60,N,0
2014,138,3113,69,3435,61,N,0
2014,138,3124,87,3443,74,H,0
2014,138,3140,72,3301,57,N,0
2014,138,3143,64,3200,63,N,0
2014,138,3177,104,3328,100,N,0
2014,138,3181,87,3457,45,H,0
2014,138,3199,55,3235,44,A,0
2014,138,3246,106,3460,60,H,0
2014,138,3304,74,3201,55,N,0
2014,138,3323,93,3352,42,N,0
2014,138,3329,61,3195,60,N,1
2014,138,3345,84,3103,55,H,0
2014,138,3385,71,3425,68,N,0
2014,138,3390,81,3377,62,N,0
2014,138,3393,59,3151,53,N,0
2014,138,3397,70,3322,46,H,0
2014,139,3163,87,3341,44,H,0
2014,139,3196,83,3173,69,N,0
2014,139,3234,87,3265,65,H,0
2014,139,3241,72,3211,63,N,0
2014,139,3257,88,3225,42,N,0
2014,139,3261,98,3210,78,H,0
2014,139,3268,90,3119,52,H,0
2014,139,3277,91,3214,61,N,0
2014,139,3314,60,3404,58,H,0
2014,139,3333,55,3292,36,N,0
2014,139,3336,62,3455,56,H,0
2014,139,3376,73,3169,58,N,0
2014,139,3386,67,3208,57,N,0
2014,139,3400,79,3335,61,N,0
2014,139,3401,70,3315,55,H,0
2014,139,3452,76,3107,61,N,0
2014,140,3124,75,3143,56,N,0
2014,140,3140,80,3304,76,N,0
2014,140,3177,74,3181,65,N,0
2014,140,3246,64,3393,59,N,0
2014,140,3323,84,3113,67,N,0
2014,140,3329,73,3345,66,N,0
2014,140,3390,63,3199,44,N,0
2014,140,3397,67,3385,51,N,0
2014,141,3163,91,3386,52,N,0
2014,141,3257,83,3234,53,N,0
2014,141,3261,76,3452,67,N,0
2014,141,3268,69,3400,64,N,0
2014,141,3314,62,3277,53,N,0
2014,141,3336,83,3196,61,N,0
2014,141,3376,78,3333,69,N,0
2014,141,3401,85,3241,69,N,0
2014,145,3124,90,3246,72,N,0
2014,145,3163,70,3140,51,N,0
2014,145,3323,89,3329,72,N,0
2014,145,3401,84,3177,65,N,0
2014,146,3257,73,3261,47,N,0
2014,146,3268,73,3397,62,N,0
2014,146,3314,65,3376,58,N,0
2014,146,3390,82,3336,57,N,0
2014,147,3163,69,3401,54,N,0
2014,147,3323,88,3124,69,H,0
2014,148,3268,76,3257,73,A,0
2014,148,3390,74,3314,65,H,0
2014,153,3163,75,3390,56,N,0
2014,153,3323,87,3268,61,N,0
2014,155,3163,79,3323,58,N,0
2015,137,3116,57,3321,55,N,0
2015,137,3124,77,3322,36,N,0
2015,137,3143,78,3455,66,N,0
2015,137,3173,78,3235,66,N,0
2015,137,3177,79,3278,72,N,0
2015,137,3181,54,3107,52,N,0
2015,137,3211,82,3203,69,N,0
2015,137,3234,75,3110,67,N,0
2015,137,3246,97,3398,52,N,0
2015,137,3274,86,3449,80,N,0
2015,137,3280,57,3408,47,N,0
2015,137,3323,77,3285,43,N,0
2015,137,3333,74,3355,62,N,0
2015,137,3376,81,3366,48,N,0
2015,137,3393,72,3304,69,N,0
2015,137,3400,66,3443,64,N,0
2015,138,3113,74,3325,55,N,0
2015,138,3114,69,3401,60,N,0
2015,138,3163,89,3383,33,N,0
2015,138,3195,75,3329,67,N,0
2015,138,3199,91,3106,49,N,0
2015,138,3257,86,3140,53,N,0
2015,138,3268,75,3308,57,N,0
2015,138,3314,71,3251,65,N,0
2015,138,3326,90,3241,80,N,0
2015,138,3328,111,3346,84,N,0
2015,138,3338,51,3151,40,N,0
2015,138,3343,80,3453,70,N,0
2015,138,3353,79,3371,66,N,0
2015,138,3378,73,3261,64,N,0
2015,138,3390,73,3169,60,N,0
2015,138,3397,72,3129,61,N,0
2015,139,3124,73,3116,44,N,0
2015,139,3173,99,3246,94,N,0
2015,139,3181,64,3280,56,N,0
2015,139,3211,76,3333,64,N,0
2015,139,3234,88,3274,70,N,0
2015,139,3323,79,3177,67,N,0
2015,139,3376,97,3393,68,N,0
2015,139,3400,73,3143,70,N,0
2015,140,3113,57,3114,54,N,0
2015,140,3163,91,3353,55,N,0
2015,140,3199,65,3195,47,N,0
2015,140,3257,60,3378,52,N,0
2015,140,3268,85,3343,70,N,0
2015,140,3314,86,3326,84,N,0
2015,140,3390,86,3328,76,N,0
2015,140,3397,77,3338,67,N,0
2015,144,3124,81,3234,66,N,0
2015,144,3199,66,3113,65,N,0
2015,144,3323,81,3390,60,N,0
2015,144,3376,67,3314,65,N,0
2015,145,3163,105,3400,54,N,0
2015,145,3173,82,3257,66,N,0
2015,145,3268,65,3181,55,N,0
2015,145,3397,73,3211,69,N,1
2015,146,3323,77,3124,68,N,0
2015,146,3376,80,3199,74,N,0
2015,147,3163,91,3173,70,N,0
2015,147,3268,58,3397,48,N,0
2015,153,3163,81,3268,58,N,0
2015,153,3323,66,3376,65,N,0
2015,155,3163,63,3323,53,N,0
2016,137,3107,61,3196,59,A,0
2016,137,3113,74,3308,52,H,0
2016,137,3120,68,3385,57,N,0
2016,137,3124,89,3225,59,H,0
2016,137,3177,97,3241,67,N,0
2016,137,3243,56,3203,51,N,0
2016,137,3257,87,3146,60,H,0
2016,137,3277,74,3125,60,N,0
2016,137,3280,60,3151,50,H,0
2016,137,3326,88,3138,69,H,0
2016,137,3333,73,3407,31,H,0
2016,137,3376,77,3239,41,H,0
2016,137,3382,65,3329,54,N,0
2016,137,3393,73,3119,56,H,0
2016,137,3397,59,3453,53,N,0
2016,137,3452,74,3343,65,N,0
2016,138,3163,101,3352,49,H,0
2016,138,3182,97,3371,76,N,0
2016,138,3199,72,3292,55,N,0
2016,138,3231,62,3208,58,N,0
2016,138,3246,85,3421,31,H,0
2016,138,3268,74,3233,58,H,0
2016,138,3281,78,3140,69,N,0
2016,138,3323,95,3299,61,H,0
2016,138,3328,61,3345,45,N,0
2016,138,3355,74,3274,71,N,0
2016,138,3378,48,3161,45,N,0
2016,138,3390,85,3362,58,H,0
2016,138,3400,86,3106,42,H,0
2016,138,3401,74,3283,65,H,0
2016,138,3417,66,3218,50,H,0
2016,138,3449,65,3335,53,N,0
2016,139,3124,84,3120,52,H,0
2016,139,3177,73,3257,72,A,0
2016,139,3280,74,3277,72,A,0
2016,139,3326,88,3452,81,H,0
2016,139,3333,69,3382,40,H,0
2016,139,3376,73,3243,47,H,0
2016,139,3393,76,3107,59,H,0
2016,139,3397,75,3113,64,A,0
2016,140,3163,97,3182,51,H,0
2016,140,3199,74,3401,56,A,0
2016,140,3246,79,3328,58,H,0
2016,140,3323,87,3231,70,H,0
2016,140,3390,66,3355,65,H,0
2016,140,3400,73,3281,55,H,0
2016,140,3417,72,3378,67,H,0
2016,140,3449,74,3268,65,A,0
2016,144,3390,90,3323,84,N,0
2016,144,3393,80,3376,72,N,0
2016,144,3397,78,3326,62,N,0
2016,144,3449,85,3246,72,N,0
2016,145,3124,78,3199,58,N,0
2016,145,3163,98,3280,38,N,0
2016,145,3333,83,3177,71,N,0
2016,145,3400,72,3417,64,N,0
2016,146,3393,89,3397,67,N,0
2016,146,3449,85,3390,76,N,0
2016,147,3163,86,3400,65,N,0
2016,147,3333,60,3124,57,N,0
2016,153,3163,80,3333,51,N,0
2016,153,3393,80,3449,59,N,0
2016,155,3163,82,3393,51,N,0
2017,137,3113,73,3277,61,N,0
2017,137,3166,76,3405,49,N,0
2017,137,3177,88,3320,67,N,0
2017,137,3199,87,3442,66,H,0
2017,137,3246,73,3125,70,H,0
2017,137,3268,103,3137,61,H,0
2017,137,3280,110,3407,69,H,0
2017,137,3281,66,3378,64,N,0
2017,137,3301,62,3120,48,N,0
2017,137,3323,79,3352,49,H,0
2017,137,3326,70,3443,63,N,0
2017,137,3333,56,3253,55,H,0
2017,137,3345,74,3453,62,N,0
2017,137,3376,90,3421,40,H,0
2017,137,3400,78,3146,50,H,0
2017,137,3452,75,3189,62,N,0
2017,138,3124,119,3411,30,H,0
2017,138,3143,55,3261,52,N,0
2017,138,3163,116,3107,55,H,0
2017,138,3181,94,3214,31,H,0
2017,138,3243,67,3179,54,H,0
2017,138,3257,82,3151,62,H,0
2017,138,3274,62,3195,60,H,0
2017,138,3328,75,3211,62,N,0
2017,138,3332,71,3396,70,N,0
2017,138,3346,68,3266,65,N,0
2017,138,3390,72,3308,64,N,0
2017,138,3393,85,3235,65,N,0
2017,138,3397,66,3173,57,N,0
2017,138,3401,63,3335,61,N,0
2017,138,3417,83,3129,56,H,0
2017,138,3449,91,3286,63,H,0
2017,139,3199,77,3281,55,H,0
2017,139,3268,83,3452,56,H,0
2017,139,3280,92,3177,71,H,0
2017,139,3323,88,3345,82,H,1
2017,139,3326,82,3246,68,A,0
2017,139,3333,64,3166,52,H,0
2017,139,3376,71,3113,68,H,0
2017,139,3400,84,3301,80,H,0
2017,140,3124,86,3143,46,H,0
2017,140,3163,94,3393,64,H,0
2017,140,3257,75,3397,64,H,0
2017,140,3332,74,3181,65,A,0
2017,140,3346,85,3274,78,A,0
2017,140,3390,69,3243,48,A,0
2017,140,3417,75,3401,43,H,0
2017,140,3449,108,3328,82,H,0
2017,144,3124,97,3257,63,N,0
2017,144,3280,75,3449,64,N,0
2017,144,3323,99,3326,76,N,0
2017,144,3390,77,3400,66,N,0
2017,145,3163,86,3417,71,H,0
2017,145,3199,66,3333,53,N,0
2017,145,3332,77,3268,63,N,0
2017,145,3376,100,3346,58,N,0
2017,146,3280,94,3124,85,N,1
2017,146,3390,76,3323,75,N,0
2017,147,3163,90,3332,52,H,0
2017,147,3376,71,3199,64,N,0
2017,151,3280,66,3163,64,N,1
2017,151,3376,62,3390,53,N,0
2017,153,3376,67,3280,55,N,0
2018,137,3124,96,3212,46,H,0
2018,137,3177,90,3328,79,N,0
2018,137,3257,74,3129,42,H,0
2018,137,3266,84,3173,65,N,0
2018,137,3268,77,3343,57,N,0
2018,137,3276,75,3294,61,N,0
2018,137,3278,89,3453,77,N,0
2018,137,3301,62,3189,35,H,0
2018,137,3323,99,3169,81,H,0
2018,137,3332,88,3370,45,H,0
2018,137,3333,82,3443,58,N,0
2018,137,3376,63,3299,52,H,0
2018,137,3397,100,3251,60,H,0
2018,137,3401,89,3179,76,H,0
2018,137,3437,81,3355,74,N,1
2018,137,3438,68,3143,62,N,0
2018,138,3113,73,3304,62,N,0
2018,138,3138,102,3378,79,N,0
2018,138,3141,78,3261,69,N,0
2018,138,3163,140,3384,52,H,0
2018,138,3166,76,3234,70,N,0
2018,138,3181,72,3125,58,N,0
2018,138,3195,80,3281,70,N,0
2018,138,3199,91,3114,49,H,0
2018,138,3208,68,3273,63,H,0
2018,138,3280,95,3311,50,H,0
2018,138,3326,87,3203,45,H,0
2018,138,3329,84,3393,57,N,0
2018,138,3346,86,3274,72,N,0
2018,138,3390,82,3211,68,H,0
2018,138,3400,83,3263,54,H,0
2018,138,3417,71,3110,60,H,0
2018,139,3124,80,3276,58,H,0
2018,139,3257,90,3266,72,H,0
2018,139,3301,74,3268,60,H,0
2018,139,3323,98,3437,72,H,0
2018,139,3332,101,3278,73,H,0
2018,139,3333,66,3397,59,A,0
2018,139,3376,66,3438,56,H,0
2018,139,3401,80,3177,79,H,0
2018,140,3138,86,3199,65,A,0
2018,140,3141,95,3326,78,A,0
2018,140,3163,71,3346,46,H,0
2018,140,3181,66,3208,40,A,0
2018,140,3280,71,3329,56,H,0
2018,140,3390,90,3195,70,H,0
2018,140,3400,85,3113,65,H,0
2018,140,3417,86,3166,64,H,0
2018,144,3257,86,3390,59,H,0
2018,144,3280,71,3301,57,N,0
2018,144,3333,72,3124,67,N,0
2018,144,3417,84,3400,75,N,0
2018,145,3163,72,3181,59,N,0
2018,145,3323,90,3401,84,N,0
2018,145,3332,83,3141,69,N,0
2018,145,3376,79,3138,63,N,0
2018,146,3257,76,3333,43,N,0
2018,146,3280,89,3417,73,N,0
2018,147,3163,94,3376,65,N,0
2018,147,3323,84,3332,74,N,0
2018,151,3280,73,3257,63,N,1
2018,151,3323,91,3163,89,N,1
2018,153,3323,61,3280,58,N,0
